groimp_day,date,groimp_lai_3d,groimp_light_interception,groimp_intercepted_par,layer_light_0,layer_light_1,layer_light_2,layer_light_3,layer_light_4,layer_lai_0,layer_lai_1,layer_lai_2,layer_lai_3,layer_lai_4,groimp_plant_height,groimp_n_leaves,groimp_n_active_leaves,sun_photo,shade_photo,total_photo,tmax,tmin,irradiation,rain,tdew,tavg,rh_avg,daylight_sec,sunshine_sec,water_stress,soil_water
1,2022-04-28,0.000000,0.000000,0.0000,0.0000,0.0000,0.0000,0.0000,1.0000,0.0000,0.0000,0.0000,0.0000,0.0001,0.00,2,2,0.00,0.00,0.00,25.9,10.4,21.0,0.0,-5.9,18.1,0.190,49561,30551,0.00,99
2,2022-04-29,0.001152,0.000822,0.0083,0.0000,0.0000,0.0000,0.0000,1.0000,0.0000,0.0000,0.0000,0.0000,0.0002,0.10,3,3,0.00,0.00,0.00,28.4,10.6,21.1,0.0,-4.1,19.5,0.200,49700,30600,0.00,97
3,2022-04-30,0.003591,0.002561,0.0260,0.0000,0.0000,0.0000,0.0000,1.0000,0.0000,0.0000,0.0000,0.0000,0.0007,0.10,3,3,0.00,0.00,0.00,30.9,11.6,21.1,0.0,0.4,21.3,0.250,49839,30575,0.00,95
4,2022-05-01,0.014152,0.010055,0.0926,0.0000,0.0000,0.0000,0.0000,1.0000,0.0000,0.0000,0.0000,0.0000,0.0012,0.10,3,3,0.00,0.00,0.00,32.8,12.4,19.2,0.0,6.4,22.6,0.350,49976,25333,0.00,94
5,2022-05-02,0.024394,0.017268,0.1469,0.0000,0.0000,0.0000,0.0000,1.0000,0.0000,0.0000,0.0000,0.0000,0.0021,0.24,4,4,0.00,0.00,0.00,33.3,13.3,17.7,0.0,5.7,23.3,0.320,50111,21367,0.00,92
6,2022-05-03,0.041263,0.029035,0.2811,0.0000,0.0000,0.0000,0.0000,1.0000,0.0000,0.0000,0.0000,0.0000,0.0017,1.68,4,4,0.00,0.00,0.00,32.9,20.7,20.2,0.0,2.0,26.8,0.200,50245,27645,0.00,91
7,2022-05-04,0.033166,0.023404,0.2142,0.0000,0.0000,0.0000,0.0000,1.0000,0.0000,0.0000,0.0000,0.0000,0.0009,2.92,4,4,0.00,0.00,0.00,32.0,21.6,19.1,0.0,7.8,26.8,0.300,50376,24635,0.00,89
8,2022-05-05,0.017157,0.012176,0.1168,0.0000,0.0000,0.0000,0.0000,1.0000,0.0000,0.0000,0.0000,0.0000,0.0016,3.43,5,5,0.00,0.00,0.00,30.5,18.1,20.0,0.1,11.3,24.3,0.440,50507,26907,0.00,88
9,2022-05-06,0.031371,0.022152,0.2236,0.0000,0.0000,0.0000,0.0000,1.0000,0.0000,0.0000,0.0000,0.0000,0.0022,4.25,5,5,0.00,0.00,0.00,33.0,16.1,21.0,0.0,10.1,24.5,0.400,50635,29489,0.00,86
10,2022-05-07,0.043766,0.030768,0.3078,0.0000,0.0000,0.0000,0.0000,1.0000,0.0000,0.0000,0.0000,0.0000,0.0013,6.29,5,5,0.00,0.00,0.00,35.6,18.4,20.8,0.0,8.0,27.0,0.300,50761,28868,0.00,85
11,2022-05-08,0.026275,0.018587,0.1784,0.0000,0.0000,0.0000,0.0000,1.0000,0.0000,0.0000,0.0000,0.0000,0.0023,7.17,6,6,0.00,0.00,0.00,36.4,18.3,20.0,0.0,7.2,27.4,0.280,50886,26535,0.00,83
12,2022-05-09,0.045055,0.031659,0.1893,0.0000,0.0000,0.0000,0.2518,0.7482,0.0000,0.0000,0.0000,0.0007,0.0024,8.11,6,6,0.00,0.00,0.00,33.9,22.3,12.5,0.0,6.8,28.1,0.260,51009,6860,0.00,82
13,2022-05-10,0.062047,0.043337,0.2636,0.0000,0.0000,0.0000,0.0000,1.0000,0.0000,0.0000,0.0000,0.0000,0.0023,10.19,6,6,0.00,0.00,0.00,24.7,17.4,12.7,0.0,6.2,21.0,0.380,51129,7312,0.00,81
14,2022-05-11,0.045108,0.031696,0.2839,0.0000,0.0000,0.0000,0.5000,0.5000,0.0000,0.0000,0.0000,0.0014,0.0022,11.08,7,7,0.00,0.00,0.00,25.6,14.6,18.7,0.0,10.8,20.1,0.550,51248,22749,0.00,80
15,2022-05-12,0.071417,0.049716,0.4711,0.0000,0.0000,0.0000,0.5604,0.4396,0.0000,0.0000,0.0000,0.0026,0.0022,11.72,7,7,0.00,0.00,0.00,27.9,15.4,19.7,0.0,7.5,21.6,0.400,51364,25445,0.00,79
16,2022-05-13,0.095411,0.065856,0.4897,0.0000,0.0000,0.0000,0.0339,0.9661,0.0000,0.0000,0.0000,0.0013,0.0028,13.99,7,7,0.00,0.00,0.00,25.5,14.7,15.5,0.0,8.4,20.1,0.470,51478,14345,0.00,78
17,2022-05-14,0.081821,0.056749,0.5802,0.0000,0.0000,0.0000,0.1590,0.8410,0.0000,0.0000,0.0000,0.0017,0.0042,15.12,8,8,0.00,0.00,0.00,29.2,11.6,21.3,0.0,8.7,20.4,0.470,51590,29279,0.00,76
18,2022-05-15,0.119183,0.081576,0.7824,0.0000,0.0000,0.0000,0.3691,0.6309,0.0000,0.0000,0.0000,0.0033,0.0044,15.51,8,8,0.92,1.12,2.04,30.8,19.1,20.0,0.0,6.7,25.0,0.310,51700,25772,0.00,75
19,2022-05-16,0.154203,0.104253,1.0449,0.0000,0.0000,0.0000,0.3875,0.6125,0.0000,0.0000,0.0000,0.0019,0.0054,17.46,8,8,0.49,1.25,1.75,32.7,14.8,20.9,0.0,6.5,23.8,0.330,51807,28004,0.00,73
20,2022-05-17,0.144877,0.098270,0.8420,0.0000,0.0000,0.0000,0.3187,0.6813,0.0000,0.0000,0.0000,0.0025,0.0080,19.38,10,10,0.57,2.02,2.60,33.1,16.3,17.9,0.0,6.9,24.7,0.320,51912,20097,0.00,72
21,2022-05-18,0.211100,0.139905,1.0966,0.0000,0.0000,0.0000,0.4444,0.5556,0.0000,0.0000,0.0000,0.0053,0.0073,19.98,10,10,1.49,1.83,3.32,31.2,19.4,16.3,0.0,5.5,25.3,0.280,52014,16097,0.00,71
22,2022-05-19,0.252571,0.164990,1.3146,0.0000,0.0000,0.0000,0.4670,0.5330,0.0000,0.0000,0.0000,0.0038,0.0079,21.14,10,10,1.21,2.18,3.40,32.3,21.1,16.6,0.0,5.0,26.7,0.250,52114,16718,0.00,70
23,2022-05-20,0.233873,0.153772,0.9994,0.0000,0.0000,0.0000,0.2762,0.7238,0.0000,0.0000,0.0000,0.0050,0.0109,23.88,12,12,0.95,3.02,3.97,31.8,20.9,13.5,0.0,5.3,26.4,0.260,52211,8764,0.00,69
24,2022-05-21,0.319815,0.204116,1.0141,0.0000,0.0000,0.0236,0.2785,0.6979,0.0000,0.0000,0.0021,0.0057,0.0098,24.89,12,12,0.03,3.67,3.70,31.4,23.0,10.4,0.0,5.5,27.2,0.250,52305,488,0.00,68
25,2022-05-22,0.351448,0.221880,1.6689,0.0000,0.0000,0.2254,0.0825,0.6921,0.0000,0.0000,0.0028,0.0017,0.0104,25.50,12,12,0.54,3.28,3.82,33.7,23.2,15.7,0.0,7.1,28.5,0.260,52397,14115,0.00,66
26,2022-05-23,0.296242,0.190614,1.9543,0.0000,0.0000,0.0325,0.1458,0.8217,0.0000,0.0000,0.0036,0.0025,0.0133,28.50,13,13,0.16,4.77,4.93,34.3,20.8,21.4,0.0,6.3,27.5,0.260,52486,28683,0.00,64
27,2022-05-24,0.387462,0.239633,2.5087,0.0000,0.0000,0.0945,0.1547,0.7508,0.0000,0.0000,0.0052,0.0029,0.0132,30.14,13,13,0.58,4.38,4.95,33.6,18.6,21.8,0.0,5.6,26.1,0.270,52572,29773,0.00,62
28,2022-05-25,0.426029,0.262170,2.8352,0.0000,0.0000,0.1350,0.1283,0.7367,0.0000,0.0000,0.0020,0.0030,0.0140,30.69,13,13,0.28,4.13,4.42,33.6,15.7,22.5,0.0,9.8,24.6,0.390,52655,31559,0.00,105
29,2022-05-26,0.380994,0.238114,1.6138,0.0000,0.0000,0.0938,0.1639,0.7424,0.0000,0.0000,0.0022,0.0045,0.0179,32.78,15,15,0.15,5.29,5.44,32.4,18.3,14.1,0.0,7.5,25.4,0.320,52735,9898,0.00,103
30,2022-05-27,0.492064,0.296158,1.6959,0.0000,0.0000,0.1103,0.1777,0.7120,0.0000,0.0000,0.0044,0.0051,0.0173,35.56,15,15,0.31,5.08,5.40,33.1,18.2,11.9,0.0,7.7,25.6,0.320,52812,4224,0.00,102
31,2022-05-28,0.536728,0.318228,3.0229,0.0000,0.0000,0.1434,0.1582,0.6983,0.0000,0.0000,0.0041,0.0048,0.0182,36.53,15,15,0.60,6.11,6.71,31.4,20.9,19.8,0.0,8.2,26.1,0.320,52887,24351,0.00,100
32,2022-05-29,0.541433,0.320512,3.4892,0.0000,0.0000,0.0286,0.2011,0.7703,0.0000,0.0000,0.0039,0.0069,0.0206,38.11,17,17,0.11,5.85,5.96,31.0,14.7,22.7,0.0,2.3,22.9,0.260,52958,31717,0.00,98
33,2022-05-30,0.628932,0.361620,3.9767,0.0000,0.0000,0.0522,0.2197,0.7281,0.0000,0.0000,0.0063,0.0078,0.0196,41.43,17,17,0.31,5.52,5.82,32.0,12.6,22.9,0.0,3.4,22.3,0.290,53026,32258,0.00,95
34,2022-05-31,0.675522,0.382481,4.1106,0.0000,0.0290,0.0322,0.2389,0.7000,0.0000,0.0022,0.0014,0.0088,0.0199,42.70,17,17,0.07,6.85,6.92,32.9,15.4,22.4,0.0,4.5,24.1,0.280,53090,30878,0.00,92
35,2022-06-01,0.646849,0.369725,3.5210,0.0000,0.0344,0.0247,0.2581,0.6828,0.0000,0.0029,0.0019,0.0104,0.0226,44.52,19,19,0.10,8.28,8.39,31.5,18.6,19.8,0.0,9.7,25.0,0.380,53152,24296,0.00,90
36,2022-06-02,0.756502,0.417126,4.6071,0.0000,0.0692,0.0260,0.2797,0.6251,0.0000,0.0050,0.0024,0.0116,0.0214,47.77,19,19,0.29,6.09,6.38,31.0,11.7,23.0,0.0,8.6,21.4,0.440,53210,32385,0.00,87
37,2022-06-03,0.806837,0.437671,3.7878,0.0000,0.0866,0.0668,0.2573,0.5893,0.0000,0.0022,0.0063,0.0096,0.0214,48.98,19,19,0.13,6.04,6.17,30.1,13.8,18.0,0.0,8.1,22.0,0.410,53265,19582,0.00,85
38,2022-06-04,0.787110,0.429707,4.4078,0.0000,0.0563,0.0244,0.3374,0.5819,0.0000,0.0028,0.0038,0.0147,0.0224,50.78,19,19,0.15,8.34,8.50,32.0,14.8,21.4,0.0,7.5,23.4,0.360,53317,28110,0.00,82
39,2022-06-05,0.874769,0.464250,5.1276,0.0000,0.0609,0.0261,0.3576,0.5554,0.0000,0.0034,0.0045,0.0161,0.0228,54.06,21,21,0.21,8.79,9.00,32.7,13.8,23.0,0.0,7.3,23.3,0.360,53365,32282,0.00,78
40,2022-06-06,0.936635,0.487359,5.1722,0.0000,0.0787,0.0867,0.3306,0.5039,0.0000,0.0018,0.0102,0.0127,0.0213,55.22,21,21,0.15,9.17,9.32,35.0,13.6,22.1,0.0,10.6,24.3,0.420,53410,29947,0.00,75
41,2022-06-07,0.919218,0.480956,4.5710,0.0000,0.0293,0.0360,0.4478,0.4868,0.0000,0.0026,0.0064,0.0197,0.0217,57.00,21,21,0.09,12.56,12.65,35.9,18.6,19.8,0.0,11.3,27.3,0.370,53451,24003,0.00,72
42,2022-06-08,1.007689,0.512667,5.0914,0.0000,0.0270,0.0407,0.4738,0.4585,0.0000,0.0033,0.0074,0.0209,0.0222,60.27,23,23,0.11,12.73,12.83,34.5,18.7,20.7,0.0,10.3,26.6,0.360,53489,26261,0.00,69
43,2022-06-09,1.075781,0.535744,5.7217,0.0211,0.0306,0.1381,0.3933,0.4169,0.0013,0.0040,0.0152,0.0153,0.0209,61.84,23,23,0.19,12.69,12.88,35.7,17.0,22.3,0.0,8.3,26.4,0.320,53523,30238,0.00,65
44,2022-06-10,1.134244,0.554681,6.0358,0.0000,0.0697,0.0582,0.4822,0.3899,0.0000,0.0034,0.0096,0.0234,0.0205,64.39,23,23,0.34,14.70,15.04,36.4,19.5,22.7,0.0,8.3,28.0,0.290,53554,31297,0.00,61
45,2022-06-11,1.139226,0.556258,4.9503,0.0365,0.0251,0.1771,0.3897,0.3715,0.0022,0.0023,0.0193,0.0166,0.0215,65.59,25,25,0.14,13.26,13.41,35.2,17.1,18.5,0.0,7.7,26.1,0.310,53581,20703,0.00,103
46,2022-06-12,1.238543,0.586559,6.5488,0.0530,0.0274,0.1943,0.3811,0.3443,0.0038,0.0028,0.0214,0.0169,0.0204,66.97,25,25,0.38,15.38,15.76,36.3,17.5,23.3,0.0,8.8,26.9,0.320,53605,32782,0.00,99
47,2022-06-13,1.305608,0.605837,5.2344,0.0610,0.0286,0.2172,0.3734,0.3198,0.0018,0.0035,0.0239,0.0175,0.0205,68.77,25,25,0.21,13.62,13.83,34.7,16.6,18.0,0.0,13.5,25.6,0.470,53625,19299,0.00,96
48,2022-06-14,1.344436,0.616582,5.6854,0.0135,0.0352,0.2507,0.3864,0.3141,0.0023,0.0043,0.0267,0.0175,0.0210,69.60,26,26,0.19,14.68,14.87,33.6,17.0,19.2,0.0,8.3,25.3,0.340,53641,22392,0.00,92
49,2022-06-15,1.437374,0.641124,6.2440,0.0138,0.0396,0.2846,0.3631,0.2988,0.0034,0.0053,0.0297,0.0177,0.0207,71.33,26,26,0.21,11.91,12.12,30.0,14.1,20.3,0.0,11.1,22.0,0.500,53654,25155,0.00,89
50,2022-06-16,1.536322,0.665522,2.9709,0.0155,0.0457,0.3150,0.3395,0.2842,0.0012,0.0063,0.0327,0.0176,0.0207,72.43,26,26,0.14,10.01,10.15,29.5,18.4,9.3,0.0,13.5,24.0,0.520,53663,0,0.00,88
51,2022-06-17,1.569236,0.673263,4.9541,0.0099,0.0488,0.3476,0.3122,0.2815,0.0016,0.0074,0.0348,0.0176,0.0211,73.25,27,27,0.25,12.80,13.05,28.8,17.2,15.3,0.0,11.7,23.0,0.490,53669,12446,0.00,86
52,2022-06-18,1.650992,0.691720,6.6671,0.0212,0.0584,0.3582,0.3015,0.2607,0.0027,0.0086,0.0370,0.0176,0.0207,74.83,27,27,0.50,14.72,15.22,31.9,14.5,20.1,0.0,11.9,23.2,0.490,53671,24622,0.00,82
53,2022-06-19,1.729984,0.708559,5.4043,0.0270,0.0667,0.3674,0.2885,0.2504,0.0020,0.0099,0.0391,0.0175,0.0206,75.48,27,27,0.65,17.78,18.43,34.0,18.9,15.9,0.0,13.9,26.5,0.460,53669,13890,0.00,79
54,2022-06-20,1.781940,0.719127,5.8059,0.0279,0.0762,0.3761,0.2781,0.2417,0.0026,0.0112,0.0403,0.0175,0.0205,76.46,27,27,0.89,18.47,19.37,33.3,19.7,16.8,0.0,12.2,26.5,0.410,53663,16282,0.00,76
55,2022-06-21,1.842626,0.730985,6.3262,0.0329,0.0893,0.3737,0.2683,0.2358,0.0032,0.0128,0.0416,0.0174,0.0205,77.52,27,27,1.29,19.48,20.77,34.2,19.3,18.0,0.0,12.4,26.8,0.410,53654,19394,0.00,73
56,2022-06-22,1.909048,0.743387,7.8537,0.0392,0.1002,0.3744,0.2579,0.2283,0.0026,0.0144,0.0430,0.0174,0.0204,77.88,27,27,1.92,21.33,23.25,34.2,19.6,22.0,0.0,13.6,26.9,0.440,53641,29613,0.00,69
57,2022-06-23,1.953966,0.751447,7.8487,0.0243,0.1144,0.3834,0.2553,0.2226,0.0032,0.0162,0.0441,0.0174,0.0205,77.99,27,27,2.39,22.02,24.42,33.5,20.9,21.8,0.4,12.0,27.2,0.390,53625,28990,0.00,65
58,2022-06-24,2.027475,0.764092,8.4246,0.0284,0.1299,0.3738,0.2495,0.2183,0.0039,0.0182,0.0454,0.0176,0.0206,78.03,27,27,3.14,22.44,25.58,36.2,17.9,23.0,0.0,15.1,27.0,0.480,53605,32114,0.00,60
59,2022-06-25,2.112687,0.777943,8.1068,0.0329,0.1476,0.3625,0.2438,0.2132,0.0048,0.0204,0.0467,0.0177,0.0207,78.03,27,27,3.95,23.40,27.34,36.2,19.4,21.7,0.0,13.3,27.8,0.410,53581,28905,0.00,100
60,2022-06-26,2.204939,0.792018,8.5690,0.0396,0.1667,0.3505,0.2359,0.2072,0.0057,0.0227,0.0471,0.0178,0.0209,78.04,27,27,5.01,23.32,28.33,36.3,20.3,22.5,0.0,11.4,28.3,0.350,53554,31061,0.00,96
61,2022-06-27,2.284133,0.803384,8.7112,0.0466,0.1871,0.3391,0.2292,0.1980,0.0068,0.0253,0.0475,0.0180,0.0211,78.04,27,27,6.28,23.65,29.93,37.7,18.0,22.6,0.0,16.5,27.9,0.500,53523,31219,0.00,90
62,2022-06-28,2.373843,0.815505,8.3690,0.0537,0.2078,0.3274,0.2185,0.1925,0.0079,0.0279,0.0479,0.0181,0.0213,78.04,27,27,7.28,23.03,30.31,35.8,19.9,21.4,0.0,12.6,27.9,0.390,53489,28144,0.00,85
63,2022-06-29,2.462138,0.826701,8.9681,0.0620,0.2288,0.3115,0.2094,0.1883,0.0094,0.0301,0.0489,0.0185,0.0217,78.04,27,27,8.30,22.02,30.32,35.8,17.7,22.6,0.0,10.4,26.8,0.360,53451,31311,0.00,80
64,2022-06-30,2.573031,0.839798,9.2069,0.0718,0.2398,0.3014,0.2041,0.1829,0.0109,0.0324,0.0498,0.0188,0.0221,78.04,27,27,10.14,23.81,33.95,34.7,21.6,22.8,0.0,11.2,28.1,0.350,53410,31965,0.00,75
65,2022-07-01,2.679763,0.851462,9.4574,0.0809,0.2513,0.2910,0.1991,0.1777,0.0128,0.0351,0.0512,0.0194,0.0227,78.04,27,27,11.61,24.15,35.75,35.5,19.9,23.1,0.0,13.3,27.7,0.410,53365,32776,0.00,70
66,2022-07-02,2.822792,0.865763,9.6162,0.0906,0.2633,0.2818,0.1919,0.1724,0.0148,0.0368,0.0523,0.0198,0.0232,78.04,27,27,9.70,18.41,28.11,39.3,22.9,23.1,0.0,13.4,31.1,0.340,53317,32820,0.00,64
67,2022-07-03,2.937643,0.876236,9.5096,0.1028,0.2618,0.2761,0.1892,0.1701,0.0169,0.0385,0.0533,0.0202,0.0237,78.04,27,27,11.13,20.02,31.15,37.3,23.4,22.6,0.0,12.3,30.4,0.330,53265,31504,0.00,104
68,2022-07-04,3.051472,0.885803,9.7878,0.1168,0.2583,0.2716,0.1856,0.1676,0.0192,0.0401,0.0542,0.0205,0.0241,78.04,27,27,13.19,22.14,35.33,33.7,25.3,23.0,0.0,11.1,29.5,0.320,53210,32607,0.00,100
69,2022-07-05,3.163727,0.894506,8.0162,0.1315,0.2565,0.2664,0.1829,0.1627,0.0216,0.0407,0.0549,0.0208,0.0244,78.04,27,27,13.40,22.67,36.07,31.6,23.9,18.7,0.0,12.9,27.8,0.400,53152,21466,0.00,97
70,2022-07-06,3.249429,0.900698,9.1352,0.1490,0.2490,0.2615,0.1816,0.1589,0.0242,0.0412,0.0555,0.0210,0.0246,78.04,27,27,13.46,20.98,34.44,30.3,21.1,21.1,0.0,13.2,25.7,0.460,53090,27849,0.00,93
71,2022-07-07,3.330675,0.906228,7.6515,0.1675,0.2417,0.2566,0.1787,0.1555,0.0269,0.0416,0.0560,0.0212,0.0249,78.04,27,27,12.38,19.23,31.61,31.8,19.8,17.6,0.0,9.2,25.8,0.350,53025,18789,0.00,89
72,2022-07-08,3.411193,0.911401,6.6627,0.1876,0.2338,0.2501,0.1764,0.1521,0.0288,0.0419,0.0564,0.0213,0.0250,78.04,27,27,9.85,15.09,24.94,31.3,16.4,15.2,0.0,11.9,23.9,0.470,52957,12763,0.00,86
73,2022-07-09,3.469257,0.914952,9.4511,0.1913,0.2325,0.2491,0.1755,0.1517,0.0312,0.0428,0.0577,0.0218,0.0256,78.04,27,27,15.02,20.47,35.49,32.8,17.3,21.5,0.0,13.0,25.0,0.470,52886,29032,0.00,81
74,2022-07-10,3.582753,0.921482,6.7143,0.1931,0.2308,0.2500,0.1747,0.1515,0.0280,0.0363,0.0489,0.0185,0.0217,78.04,27,27,9.89,14.43,24.32,31.6,18.7,15.2,0.2,14.0,25.1,0.500,52812,12745,0.00,78
75,2022-07-11,3.065951,0.886965,8.1998,0.1956,0.2298,0.2484,0.1746,0.1516,0.0306,0.0386,0.0520,0.0197,0.0231,78.04,27,27,12.76,17.27,30.03,31.0,18.9,19.3,0.0,13.2,25.0,0.480,52735,23333,0.00,73
76,2022-07-12,3.277811,0.902666,7.2834,0.1979,0.2286,0.2485,0.1738,0.1512,0.0321,0.0395,0.0533,0.0202,0.0237,78.04,27,27,10.16,14.06,24.22,29.7,16.5,16.8,0.0,15.9,23.1,0.640,52654,17076,0.00,70
77,2022-07-13,3.375591,0.909150,9.4435,0.1994,0.2270,0.2503,0.1731,0.1502,0.0333,0.0399,0.0538,0.0203,0.0239,78.04,27,27,14.03,17.95,31.97,31.5,17.1,21.6,0.0,14.4,24.3,0.540,52571,29621,0.00,65
78,2022-07-14,3.424604,0.912234,9.4099,0.2023,0.2283,0.2465,0.1720,0.1509,0.0338,0.0400,0.0539,0.0204,0.0239,78.04,27,27,15.36,19.35,34.71,33.5,17.2,21.5,0.0,13.9,25.4,0.490,52485,29311,0.00,104
79,2022-07-15,3.438439,0.913085,9.9972,0.2062,0.2270,0.2454,0.1711,0.1504,0.0342,0.0399,0.0538,0.0204,0.0239,78.04,27,27,17.42,21.32,38.74,35.5,17.2,22.8,0.0,14.1,26.4,0.470,52396,32807,0.00,97
80,2022-07-16,3.446412,0.913572,8.0862,0.2114,0.2257,0.2437,0.1698,0.1494,0.0347,0.0399,0.0538,0.0203,0.0239,78.04,27,27,16.48,21.00,37.47,34.2,21.4,18.4,0.0,14.4,27.8,0.440,52304,21581,0.00,93
81,2022-07-17,3.451904,0.913906,10.0544,0.2196,0.2208,0.2415,0.1695,0.1486,0.0347,0.0398,0.0537,0.0203,0.0238,78.04,27,27,13.76,16.42,30.18,32.7,13.6,22.9,0.0,9.5,23.1,0.420,52210,33267,0.00,87
82,2022-07-18,3.446815,0.913597,9.9721,0.2207,0.2206,0.2411,0.1691,0.1484,0.0346,0.0397,0.0535,0.0202,0.0238,78.04,27,27,16.41,19.57,35.98,32.8,18.0,22.7,0.0,15.4,25.4,0.540,52113,32894,0.00,81
83,2022-07-19,3.436023,0.912937,9.9824,0.2202,0.2228,0.2408,0.1682,0.1480,0.0350,0.0403,0.0543,0.0205,0.0241,78.04,27,27,18.32,21.74,40.07,36.5,16.9,22.8,0.0,15.1,26.7,0.490,52013,33094,0.00,74
84,2022-07-20,3.484833,0.915879,10.0717,0.2195,0.2225,0.2411,0.1686,0.1483,0.0352,0.0404,0.0545,0.0206,0.0242,78.04,27,27,18.32,21.74,40.05,39.6,18.5,22.9,0.0,16.6,29.0,0.470,51911,33532,0.00,66
85,2022-07-21,3.499974,0.916771,10.0023,0.2194,0.2225,0.2413,0.1686,0.1482,0.0353,0.0405,0.0546,0.0207,0.0242,78.04,27,27,16.98,20.19,37.17,40.6,19.0,22.7,0.0,17.9,29.8,0.490,51806,33168,0.00,104
86,2022-07-22,3.505726,0.917108,9.3061,0.2199,0.2228,0.2409,0.1683,0.1480,0.0352,0.0405,0.0546,0.0207,0.0242,78.04,27,27,13.58,16.42,30.00,38.8,24.0,21.1,0.0,14.1,31.4,0.350,51699,29139,0.00,97
87,2022-07-23,3.505227,0.917079,9.8208,0.2199,0.2228,0.2408,0.1683,0.1481,0.0352,0.0404,0.0545,0.0206,0.0242,78.04,27,27,15.66,18.65,34.30,37.2,23.7,22.3,0.0,13.3,30.5,0.350,51590,32292,0.00,91
88,2022-07-24,3.498765,0.916701,9.4559,0.2203,0.2228,0.2408,0.1682,0.1480,0.0351,0.0403,0.0543,0.0205,0.0241,78.04,27,27,12.63,15.18,27.81,40.2,23.9,21.5,0.0,17.5,32.0,0.420,51478,30268,0.00,85
89,2022-07-25,3.485977,0.915947,9.7296,0.2205,0.2226,0.2409,0.1681,0.1479,0.0349,0.0401,0.0540,0.0204,0.0240,78.04,27,27,17.03,20.29,37.32,36.6,22.3,22.1,0.0,13.2,29.5,0.370,51363,32052,0.00,79
90,2022-07-26,3.467899,0.914870,7.2765,0.2207,0.2223,0.2407,0.1686,0.1477,0.0347,0.0398,0.0537,0.0203,0.0238,78.04,27,27,14.73,18.86,33.59,34.2,22.8,16.6,0.0,14.7,28.5,0.430,51247,17652,0.00,75
91,2022-07-27,3.446568,0.913582,7.3890,0.2205,0.2226,0.2402,0.1688,0.1479,0.0344,0.0395,0.0533,0.0202,0.0237,78.04,27,27,13.09,16.68,29.77,31.9,19.2,16.9,0.0,17.2,25.5,0.600,51129,18491,0.00,71
92,2022-07-28,3.420442,0.911976,7.4549,0.2209,0.2225,0.2403,0.1685,0.1477,0.0341,0.0392,0.0528,0.0200,0.0232,78.04,27,27,9.86,12.49,22.35,27.6,16.8,17.0,17.7,16.9,22.2,0.720,51008,19074,0.00,85
93,2022-07-29,3.387880,0.909934,7.9361,0.2206,0.2229,0.2404,0.1687,0.1474,0.0344,0.0395,0.0533,0.0202,0.0230,78.04,27,27,9.95,12.35,22.30,26.8,16.6,18.2,0.0,17.7,21.7,0.780,50885,22178,0.00,81
94,2022-07-30,3.406030,0.911078,8.6982,0.2211,0.2230,0.2412,0.1687,0.1461,0.0346,0.0397,0.0536,0.0203,0.0226,78.04,27,27,12.67,15.29,27.95,30.1,16.8,19.9,0.0,17.7,23.5,0.700,50761,26814,0.00,77
95,2022-07-31,3.414671,0.911618,7.9026,0.2212,0.2231,0.2414,0.1686,0.1456,0.0346,0.0398,0.0536,0.0203,0.0222,78.04,27,27,13.11,16.12,29.23,32.0,17.5,18.1,0.0,16.7,24.8,0.610,50634,22137,0.00,72
96,2022-08-01,3.410026,0.911328,8.8800,0.2215,0.2234,0.2417,0.1690,0.1445,0.0346,0.0397,0.0536,0.0203,0.0215,78.04,27,27,14.50,17.17,31.66,31.2,18.6,20.3,0.0,16.1,24.9,0.580,50506,28160,0.00,68
97,2022-08-02,3.391302,0.910150,6.2036,0.2219,0.2239,0.2423,0.1693,0.1427,0.0345,0.0396,0.0534,0.0202,0.0207,78.04,27,27,10.45,13.34,23.79,30.6,18.2,14.2,1.1,18.8,24.4,0.710,50376,12228,0.00,66
98,2022-08-03,3.367169,0.908609,2.8567,0.2224,0.2241,0.2427,0.1696,0.1413,0.0343,0.0394,0.0532,0.0201,0.0199,78.04,27,27,3.14,4.43,7.58,21.5,17.5,6.6,3.8,17.1,19.5,0.860,50244,0,0.00,69
99,2022-08-04,3.338955,0.906773,9.0880,0.2227,0.2245,0.2431,0.1700,0.1397,0.0341,0.0392,0.0528,0.0200,0.0188,78.04,27,27,13.22,15.10,28.32,31.6,15.7,20.9,0.0,18.7,23.6,0.740,50110,30129,0.00,63
100,2022-08-05,3.299212,0.904124,7.1824,0.2242,0.2256,0.2440,0.1707,0.1355,0.0339,0.0389,0.0525,0.0198,0.0178,78.04,27,27,13.27,15.85,29.12,32.2,19.9,16.5,0.0,19.7,26.0,0.680,49975,18822,0.00,104
101,2022-08-06,3.257881,0.901288,8.6048,0.2250,0.2266,0.2449,0.1713,0.1322,0.0336,0.0386,0.0520,0.0197,0.0167,78.04,27,27,14.63,16.45,31.08,31.7,19.3,19.9,0.0,18.2,25.5,0.640,49838,27819,0.00,100
102,2022-08-07,3.211245,0.897986,6.1638,0.2262,0.2281,0.2453,0.1724,0.1280,0.0333,0.0382,0.0515,0.0193,0.0156,78.04,27,27,11.61,13.89,25.50,30.6,21.4,14.3,0.0,17.1,26.0,0.580,49700,13132,0.00,97
103,2022-08-08,3.157423,0.894036,6.3469,0.2274,0.2296,0.2466,0.1721,0.1242,0.0329,0.0378,0.0510,0.0188,0.0146,78.04,27,27,13.17,15.38,28.56,34.7,20.4,14.8,0.0,18.5,27.5,0.580,49560,14573,0.00,93
104,2022-08-09,3.100237,0.889669,6.2006,0.2289,0.2311,0.2488,0.1715,0.1197,0.0330,0.0379,0.0511,0.0186,0.0137,78.04,27,25,12.78,14.75,27.53,31.7,22.7,14.5,0.0,17.4,27.2,0.550,49418,13997,0.00,90
105,2022-08-10,3.087724,0.888690,5.9421,0.2305,0.2325,0.2504,0.1709,0.1157,0.0330,0.0379,0.0511,0.0181,0.0128,78.04,27,24,11.02,12.58,23.59,31.5,19.5,13.9,0.0,16.4,25.5,0.570,49276,12566,0.00,87
106,2022-08-11,3.057987,0.886327,8.5385,0.2318,0.2340,0.2519,0.1705,0.1118,0.0329,0.0378,0.0509,0.0176,0.0118,78.04,27,24,15.36,15.70,31.07,34.5,17.7,20.1,0.0,16.9,26.1,0.570,49132,29142,0.00,81
107,2022-08-12,3.021143,0.883329,7.0808,0.2335,0.2354,0.2536,0.1705,0.1070,0.0327,0.0376,0.0507,0.0170,0.0109,78.04,27,24,14.64,15.41,30.05,34.8,22.0,16.7,0.0,17.6,28.4,0.520,48986,20288,0.00,77
108,2022-08-13,2.979327,0.879830,3.6277,0.2350,0.2372,0.2551,0.1699,0.1028,0.0325,0.0374,0.0504,0.0162,0.0099,78.04,27,23,8.07,9.46,17.53,32.4,21.7,8.6,0.0,18.6,27.0,0.600,48840,0,0.00,75
109,2022-08-14,2.926627,0.875269,7.2808,0.2372,0.2393,0.2574,0.1666,0.0996,0.0323,0.0371,0.0500,0.0153,0.0090,78.04,27,23,11.12,11.04,22.16,29.2,17.7,17.3,7.9,19.6,23.5,0.790,48692,22324,0.00,79
110,2022-08-15,2.871369,0.870298,8.2337,0.2400,0.2429,0.2611,0.1628,0.0932,0.0320,0.0368,0.0496,0.0144,0.0080,78.04,27,23,11.03,10.27,21.29,27.5,17.1,19.7,0.0,16.8,22.3,0.710,48543,28927,0.00,75
111,2022-08-16,2.815105,0.865031,6.8178,0.2422,0.2452,0.2638,0.1585,0.0902,0.0318,0.0365,0.0487,0.0136,0.0071,78.04,27,22,11.57,10.95,22.51,30.9,17.9,16.4,0.0,18.8,24.4,0.710,48393,20225,0.00,71
112,2022-08-17,2.752581,0.858926,7.6973,0.2450,0.2483,0.2624,0.1547,0.0896,0.0316,0.0363,0.0478,0.0127,0.0062,78.04,27,22,13.74,12.07,25.81,31.9,18.8,18.7,0.0,18.0,25.4,0.640,48242,26508,0.00,67
113,2022-08-18,2.690413,0.852578,6.0322,0.2475,0.2511,0.2622,0.1510,0.0882,0.0313,0.0360,0.0469,0.0119,0.0052,78.04,27,22,11.50,10.35,21.86,30.7,20.1,14.7,0.0,15.4,25.4,0.540,48090,16026,0.00,64
114,2022-08-19,2.627290,0.845839,7.5151,0.2512,0.2546,0.2632,0.1466,0.0844,0.0315,0.0362,0.0460,0.0112,0.0045,78.04,27,21,11.77,9.49,21.26,28.3,18.4,18.5,0.0,14.1,23.4,0.560,47937,26479,0.00,61
115,2022-08-20,2.587289,0.841408,3.7076,0.2534,0.2574,0.2612,0.1414,0.0866,0.0315,0.0362,0.0450,0.0105,0.0040,78.04,27,21,5.99,5.38,11.37,26.6,17.7,9.2,0.0,14.3,22.1,0.610,47783,1193,0.00,104
116,2022-08-21,2.543067,0.836361,5.8893,0.2594,0.2651,0.2614,0.1385,0.0755,0.0315,0.0362,0.0438,0.0097,0.0030,78.04,25,21,6.34,4.85,11.20,22.4,15.8,14.7,0.0,14.1,19.1,0.730,47628,16381,0.00,102
117,2022-08-22,2.485084,0.829497,6.9041,0.2691,0.2754,0.2658,0.1349,0.0548,0.0314,0.0361,0.0423,0.0090,0.0020,78.04,24,20,10.65,7.25,17.90,27.1,17.4,17.3,0.0,15.8,22.3,0.670,47473,23906,0.00,99
118,2022-08-23,2.417023,0.821068,3.2633,0.2726,0.2782,0.2619,0.1313,0.0559,0.0313,0.0360,0.0408,0.0082,0.0017,78.04,24,20,5.23,3.90,9.13,23.7,18.6,8.3,0.2,16.8,21.1,0.760,47316,0,0.00,98
119,2022-08-24,2.360894,0.813803,5.3672,0.2763,0.2820,0.2577,0.1276,0.0565,0.0312,0.0359,0.0393,0.0075,0.0014,78.04,24,20,8.37,5.33,13.70,26.3,16.7,13.7,0.0,16.2,21.5,0.720,47159,14391,0.00,96
120,2022-08-25,2.304333,0.806470,5.9459,0.2863,0.2930,0.2570,0.1271,0.0365,0.0310,0.0357,0.0372,0.0067,0.0007,78.04,23,19,8.63,4.89,13.52,25.8,15.8,15.4,20.9,14.7,20.8,0.680,47001,19075,0.00,115
121,2022-08-26,2.225072,0.795752,5.9700,0.2899,0.2970,0.2502,0.1252,0.0378,0.0309,0.0356,0.0351,0.0060,0.0005,78.04,23,19,7.83,4.07,11.91,26.4,13.3,15.6,0.0,14.9,19.9,0.730,46842,20037,0.00,112
122,2022-08-27,2.161800,0.786844,6.8097,0.2941,0.3007,0.2442,0.1229,0.0380,0.0310,0.0356,0.0332,0.0052,0.0005,78.04,23,19,10.02,4.64,14.67,28.5,13.5,18.0,0.0,13.9,21.0,0.640,46683,26950,0.00,109
123,2022-08-28,2.112833,0.779780,6.0374,0.3113,0.3173,0.2475,0.1239,0.0000,0.0310,0.0351,0.0313,0.0045,0.0000,78.04,22,17,9.99,4.30,14.29,27.0,15.8,16.1,0.0,13.3,21.4,0.600,46523,21877,0.00,106
124,2022-08-29,2.038504,0.768293,6.6676,0.3144,0.3188,0.2375,0.1292,0.0000,0.0310,0.0346,0.0294,0.0039,0.0000,78.04,22,17,10.33,4.01,14.34,29.0,13.1,18.1,0.0,13.5,21.0,0.620,46363,27584,0.00,103
125,2022-08-30,1.977609,0.758503,6.6882,0.3183,0.3210,0.2288,0.1319,0.0000,0.0310,0.0341,0.0275,0.0034,0.0000,78.04,22,17,10.51,3.73,14.24,29.8,12.5,18.4,0.0,10.0,21.1,0.490,46201,28656,0.00,99
126,2022-08-31,1.917775,0.748457,6.6714,0.3382,0.3389,0.2305,0.0924,0.0000,0.0308,0.0329,0.0254,0.0023,0.0000,78.04,21,15,11.40,3.57,14.97,31.0,12.5,18.6,0.0,12.9,21.8,0.570,46040,29484,0.00,95
127,2022-09-01,1.826401,0.731947,6.4751,0.3418,0.3361,0.2275,0.0947,0.0000,0.0306,0.0317,0.0233,0.0019,0.0000,78.04,21,15,12.07,3.52,15.59,32.0,13.2,18.4,0.0,12.0,22.6,0.510,45878,29358,0.00,92
128,2022-09-02,1.751455,0.717654,6.2419,0.3468,0.3341,0.2223,0.0968,0.0000,0.0305,0.0306,0.0213,0.0017,0.0000,78.04,21,15,12.22,3.28,15.50,32.3,13.8,18.1,0.0,11.4,23.0,0.480,45715,28749,0.00,88
129,2022-09-03,1.680522,0.703408,6.2260,0.3567,0.3344,0.2218,0.0871,0.0000,0.0303,0.0294,0.0193,0.0008,0.0000,78.04,20,14,12.22,2.93,15.16,32.8,13.4,18.4,0.0,9.1,23.1,0.410,45552,29941,0.00,84
130,2022-09-04,1.596918,0.685524,6.0545,0.3594,0.3295,0.2200,0.0911,0.0000,0.0302,0.0279,0.0174,0.0007,0.0000,78.04,20,14,12.32,2.73,15.05,34.0,13.1,18.4,0.0,11.6,23.5,0.470,45389,30112,0.00,81
131,2022-09-05,1.524100,0.669091,5.8516,0.3643,0.3242,0.2190,0.0925,0.0000,0.0301,0.0265,0.0155,0.0007,0.0000,78.04,20,14,12.79,2.59,15.38,34.9,13.9,18.2,0.0,12.7,24.4,0.480,45225,29884,0.00,77
132,2022-09-06,1.454449,0.652540,5.6473,0.4048,0.3474,0.2478,0.0000,0.0000,0.0300,0.0250,0.0136,0.0000,0.0000,78.04,19,12,12.94,2.31,15.25,35.0,13.7,18.0,0.0,12.0,24.4,0.460,45061,29629,0.00,73
133,2022-09-07,1.370994,0.631421,5.3676,0.4120,0.3366,0.2513,0.0000,0.0000,0.0296,0.0236,0.0121,0.0000,0.0000,78.04,19,12,13.42,2.23,15.65,35.9,14.9,17.7,0.0,13.9,25.4,0.490,44896,28998,0.00,70
134,2022-09-08,1.307619,0.614617,4.8235,0.4168,0.3270,0.2562,0.0000,0.0000,0.0292,0.0223,0.0108,0.0000,0.0000,78.04,19,12,11.81,1.85,13.66,35.0,14.6,16.4,0.0,14.3,24.8,0.520,44732,25330,0.00,67
135,2022-09-09,1.247486,0.597940,4.8763,0.4330,0.3296,0.2374,0.0000,0.0000,0.0290,0.0210,0.0095,0.0000,0.0000,78.04,19,10,12.38,1.67,14.05,35.6,15.1,17.0,0.0,13.6,25.4,0.480,44567,27493,0.00,64
136,2022-09-10,1.190259,0.581371,3.6501,0.4371,0.3192,0.2438,0.0000,0.0000,0.0283,0.0197,0.0087,0.0000,0.0000,78.04,19,10,10.16,1.37,11.53,31.7,19.2,13.1,0.0,8.4,25.5,0.340,44401,16289,0.00,62
137,2022-09-11,1.133860,0.564326,4.6428,0.4412,0.3098,0.2490,0.0000,0.0000,0.0277,0.0185,0.0080,0.0000,0.0000,78.04,19,10,8.53,1.07,9.60,30.0,14.0,17.1,0.0,10.8,22.0,0.490,44236,28546,0.00,104
138,2022-09-12,1.081998,0.548032,4.5140,0.4474,0.3052,0.2474,0.0000,0.0000,0.0263,0.0167,0.0071,0.0000,0.0000,78.04,19,8,8.76,1.05,9.80,30.7,15.3,17.2,0.0,12.3,23.0,0.510,44070,28920,0.00,102
139,2022-09-13,1.001322,0.521041,3.9791,0.4477,0.3003,0.2520,0.0000,0.0000,0.0254,0.0154,0.0067,0.0000,0.0000,78.04,19,8,6.83,0.82,7.66,27.9,15.0,15.9,0.0,11.8,21.5,0.540,43905,25512,0.00,100
140,2022-09-14,0.949968,0.503175,3.2702,0.4468,0.3061,0.2471,0.0000,0.0000,0.0245,0.0141,0.0063,0.0000,0.0000,78.04,19,8,6.61,0.79,7.40,28.9,16.3,13.5,0.0,9.7,22.6,0.440,43739,18717,0.00,98
141,2022-09-15,0.920000,0.492639,2.7879,0.4568,0.3160,0.2272,0.0000,0.0000,0.0237,0.0128,0.0060,0.0000,0.0000,78.04,19,8,5.52,0.63,6.15,28.7,15.4,11.8,0.0,11.1,22.0,0.500,43573,13725,0.00,97
142,2022-09-16,0.920000,0.493181,3.3663,0.4524,0.3174,0.2302,0.0000,0.0000,0.0227,0.0115,0.0062,0.0000,0.0000,78.04,19,6,6.05,0.75,6.81,28.9,16.0,14.2,0.0,10.3,22.5,0.460,43407,21339,0.00,95
