date,DOY,DAP,DAE,T_mean,T_max,T_min,T_range,RH_avg,VPD_kPa,irradiation,sunshine_frac,cloudiness,wind_ms,rain_mm,ET0_mm,AQI,GDD_daily,GDD_cumsum,GDD_after_emerge,development_stage,dev_progress,light_interception,vpd_stress_factor,leaf_area_index,daily_gross_biomass,daily_net_biomass,plant_height,main_stem_nodes,leaf_weight,petiole_weight,stem_weight,root_weight,square_weight,boll_weight,plant_weight,number_of_squares,number_of_green_bolls,number_of_open_bolls,seed_cotton_yield,lint_yield,water_stress_factor,nitrogen_stress_factor,swc_0_30,swc_30_60,swc_60_90,ET_actual,kc,internode_length,single_leaf_area,leaf_length,leaf_width,fruit_branch_number,vegetative_branch_number,boll_diameter,leaf_angle,ratio_leaf,ratio_stem,ratio_root,ratio_boll,leaf_area_index_raw,leaf_vis_factor,c2k_sla_m2g,model_version,model_type,k_extinct,t_base,rue
2022-04-21,111,0,0,20.6,27.6,13.6,14.0,0.24,1.9951,14.49,0.3106,0.6894,3.3,0.0,4.977,60,8.6,8.6,0.0,pre_emerge,0.0,0.0,1.0,0.0,0.0,0.0,0.0,0.0,0.0,0.0,0.0,0.0,0.0,0.0,0.0,0.0,0.0,0.0,0.0,0.0,1.0,1.0,0.27851,0.26925,0.25975,0.747,0.15,0.0,0.0,0.0,0.0,0.0,0.0,0.0,55.0,0.0,0.0,0.0,0.0,,,,,,,,
2022-04-22,112,1,0,21.05,26.5,15.6,10.9,0.23,2.0153,16.51,0.4185,0.5815,2.2,0.0,4.165,60,9.05,17.7,0.0,pre_emerge,0.0,0.0,1.0,0.0,0.0,0.0,0.0,0.0,0.0,0.0,0.0,0.0,0.0,0.0,0.0,0.0,0.0,0.0,0.0,0.0,1.0,1.0,0.27726,0.26863,0.25954,0.625,0.15,0.0,0.0,0.0,0.0,0.0,0.0,0.0,55.0,0.0,0.0,0.0,0.0,,,,,,,,
2022-04-23,113,2,0,19.15,27.8,10.5,17.3,0.39,1.5268,19.8,0.5955,0.4045,2.0,0.0,4.244,60,7.15,24.8,0.0,pre_emerge,0.0,0.0,1.0,0.0,0.0,0.0,0.0,0.0,0.0,0.0,0.0,0.0,0.0,0.0,0.0,0.0,0.0,0.0,0.0,0.0,1.0,1.0,0.27598,0.26799,0.25933,0.637,0.15,0.0,0.0,0.0,0.0,0.0,0.0,0.0,55.0,0.0,0.0,0.0,0.0,,,,,,,,
2022-04-24,114,3,0,21.15,30.5,11.8,18.7,0.38,1.7826,20.1,0.6063,0.3937,1.4,0.0,4.04,60,9.15,34.0,0.0,pre_emerge,0.0,0.0,1.0,0.0,0.0,0.0,0.0,0.0,0.0,0.0,0.0,0.0,0.0,0.0,0.0,0.0,0.0,0.0,0.0,0.0,1.0,1.0,0.27477,0.26739,0.25913,0.606,0.15,0.0,0.0,0.0,0.0,0.0,0.0,0.0,55.0,0.0,0.0,0.0,0.0,,,,,,,,
2022-04-25,115,4,0,22.8,30.3,15.3,15.0,0.23,2.3312,16.56,0.4067,0.5933,3.3,0.0,5.748,60,10.8,44.8,0.0,pre_emerge,0.0,0.0,1.0,0.0,0.0,0.0,0.0,0.0,0.0,0.0,0.0,0.0,0.0,0.0,0.0,0.0,0.0,0.0,0.0,0.0,1.0,1.0,0.27305,0.26652,0.25884,0.862,0.15,0.0,0.0,0.0,0.0,0.0,0.0,0.0,55.0,0.0,0.0,0.0,0.0,,,,,,,,
2022-04-26,116,5,0,19.65,28.8,10.5,18.3,0.27,1.9087,20.44,0.6135,0.3865,2.3,0.0,5.037,60,7.65,52.4,0.0,pre_emerge,0.0,0.0,1.0,0.0,0.0,0.0,0.0,0.0,0.0,0.0,0.0,0.0,0.0,0.0,0.0,0.0,0.0,0.0,0.0,0.0,1.0,1.0,0.27154,0.26577,0.25859,0.756,0.15,0.0,0.0,0.0,0.0,0.0,0.0,0.0,55.0,0.0,0.0,0.0,0.0,,,,,,,,
2022-04-27,117,6,0,20.75,26.1,15.4,10.7,0.32,1.7446,14.03,0.2605,0.7395,4.8,0.0,5.575,60,8.75,61.1,0.0,pre_emerge,0.0,0.0,1.0,0.0,0.0,0.0,0.0,0.0,0.0,0.0,0.0,0.0,0.0,0.0,0.0,0.0,0.0,0.0,0.0,0.0,1.0,1.0,0.26986,0.26493,0.25831,0.836,0.15,0.0,0.0,0.0,0.0,0.0,0.0,0.0,55.0,0.0,0.0,0.0,0.0,,,,,,,,
2022-04-28,118,7,0,16.65,22.9,10.4,12.5,0.4,1.2161,17.44,0.4407,0.5593,3.1,0.0,4.093,60,4.65,65.8,0.0,pre_emerge,0.0,0.0,1.0,0.0,0.0,0.0,0.0,0.0,0.0,0.0,0.0,0.0,0.0,0.0,0.0,0.0,0.0,0.0,0.0,0.0,1.0,1.0,0.26864,0.26432,0.25811,0.614,0.15,0.0,0.0,0.0,0.0,0.0,0.0,0.0,55.0,0.0,0.0,0.0,0.0,,,,,,,,
2022-04-29,119,8,0,14.65,21.1,8.2,12.9,0.46,0.9692,20.33,0.5914,0.4086,2.6,0.0,3.829,60,2.65,68.5,0.0,pre_emerge,0.0,0.0,1.0,0.0,0.0,0.0,0.0,0.0,0.0,0.0,0.0,0.0,0.0,0.0,0.0,0.0,0.0,0.0,0.0,0.0,1.0,1.0,0.26749,0.26374,0.25791,0.574,0.15,0.0,0.0,0.0,0.0,0.0,0.0,0.0,55.0,0.0,0.0,0.0,0.0,,,,,,,,
2022-04-30,120,9,0,18.05,23.5,12.6,10.9,0.28,1.5676,21.15,0.6301,0.3699,2.0,0.0,4.387,60,6.05,74.5,0.0,pre_emerge,0.0,0.0,1.0,0.0,0.0,0.0,0.0,0.0,0.0,0.0,0.0,0.0,0.0,0.0,0.0,0.0,0.0,0.0,0.0,0.0,1.0,1.0,0.26617,0.26309,0.2577,0.658,0.15,0.0,0.0,0.0,0.0,0.0,0.0,0.0,55.0,0.0,0.0,0.0,0.0,,,,,,,,
2022-05-01,121,10,0,18.15,25.9,10.4,15.5,0.19,1.8642,20.99,0.6164,0.3836,2.0,0.0,4.684,60,6.15,80.7,6.1,seedling,0.0178,0.035094,1.0,0.00273,0.4107,0.3024,4.9,0.79,3.638,0.628,0.889,1.548,0.0,0.0,6.702,0.0,0.0,0.0,0.0,0.0,1.0,0.99211,0.26472,0.26236,0.25745,0.724,0.154,4.9,19.29,4.91,5.61,0.0,0.0,0.0,54.4,0.63642,0.13266,0.23092,0.0,0.05457,0.05,0.015,单独cotton2k,BeerLambert_RUE,0.65,12.0,3.4
2022-05-02,122,11,1,19.5,28.4,10.6,17.8,0.2,2.0588,21.07,0.6157,0.3843,2.6,0.0,5.598,60,7.5,88.2,13.6,seedling,0.0396,0.036455,1.0,0.05056,4.408,3.3934,5.04,0.82,5.186,0.937,1.889,2.084,0.0,0.0,10.096,0.0,0.0,0.0,0.0,0.0,1.0,0.99211,0.26293,0.26147,0.25716,0.895,0.16,5.0,26.34,5.74,6.56,0.0,0.0,0.0,54.4,0.60649,0.18714,0.20638,0.0,0.07779,0.65,0.015,单独cotton2k,BeerLambert_RUE,0.65,12.0,3.4
2022-05-03,123,12,2,21.25,30.9,11.6,19.3,0.25,2.1874,21.12,0.6135,0.3865,2.0,0.0,5.135,60,9.25,97.4,22.9,seedling,0.0664,0.051592,1.0,0.06655,4.6853,3.5955,5.21,0.86,6.826,1.265,2.949,2.651,0.0,0.0,13.691,0.0,0.0,0.0,0.0,0.0,1.0,0.9921,0.32,0.27683,0.25687,0.856,0.167,5.0,32.9,6.41,7.33,0.0,0.0,0.0,54.4,0.59096,0.21539,0.19365,0.0,0.10239,0.65,0.015,单独cotton2k,BeerLambert_RUE,0.65,12.0,3.4
2022-05-04,124,13,3,22.6,32.8,12.4,20.4,0.35,2.0845,19.18,0.5069,0.4931,1.7,0.0,4.434,60,10.6,108.0,33.5,seedling,0.0971,0.068196,1.0,0.08327,4.9142,3.7579,5.42,0.92,8.54,1.608,4.057,3.245,0.0,0.0,17.449,0.0,0.0,0.0,0.0,0.0,1.0,0.99209,0.31845,0.27606,0.25661,0.773,0.174,5.0,38.76,6.96,7.95,0.0,0.0,0.0,54.3,0.58157,0.23248,0.18595,0.0,0.1281,0.65,0.015,单独cotton2k,BeerLambert_RUE,0.65,12.0,3.4
2022-05-05,125,14,4,23.3,33.3,13.3,20.0,0.32,2.2586,17.72,0.4264,0.5736,1.9,0.0,4.482,60,11.3,119.3,44.8,seedling,0.1299,0.085392,1.0,0.10053,5.0931,3.8812,5.65,0.98,10.31,1.962,5.201,3.857,0.0,0.0,21.33,0.0,0.0,0.0,0.0,0.0,1.0,0.99208,0.31682,0.27524,0.25634,0.818,0.182,5.0,43.9,7.41,8.47,0.0,0.0,0.0,54.3,0.57535,0.24381,0.18084,0.0,0.15466,0.65,0.015,单独cotton2k,BeerLambert_RUE,0.65,12.0,3.4
2022-05-06,126,15,5,26.8,32.9,20.7,12.2,0.2,2.9774,20.17,0.5502,0.4498,3.1,0.0,6.765,60,14.8,134.1,59.6,seedling,0.1728,0.100801,0.9284,0.12063,5.9614,4.5195,5.97,1.06,12.372,2.374,6.533,4.571,0.0,0.0,25.85,0.0,0.0,0.0,0.0,0.0,1.0,0.99207,0.31421,0.27394,0.2559,1.307,0.193,5.0,48.48,7.78,8.9,0.0,0.0,0.0,54.2,0.57046,0.25271,0.17683,0.0,0.18558,0.65,0.015,单独cotton2k,BeerLambert_RUE,0.65,12.0,3.4
2022-05-07,127,16,6,26.8,32.0,21.6,10.4,0.3,2.5672,19.07,0.489,0.511,4.9,0.0,7.775,60,14.8,148.9,74.4,seedling,0.2157,0.120603,0.9899,0.14204,6.3693,4.8153,6.3,1.15,14.568,2.814,7.952,5.331,0.0,0.0,30.665,0.0,0.0,0.0,0.0,0.0,1.0,0.99205,0.31103,0.27235,0.25538,1.585,0.204,5.0,52.56,8.11,9.26,0.0,0.0,0.0,54.1,0.56683,0.25931,0.17386,0.0,0.21853,0.65,0.015,单独cotton2k,BeerLambert_RUE,0.65,12.0,3.4
2022-05-08,128,17,7,24.3,30.5,18.1,12.4,0.44,1.8041,19.99,0.5327,0.4673,2.6,0.1,5.08,60,12.3,161.2,86.7,seedling,0.2513,0.13984,1.0,0.16328,6.3174,4.7753,6.59,1.24,16.747,3.249,9.359,6.085,0.0,0.0,35.441,0.0,0.0,0.0,0.0,0.0,1.0,0.99204,0.30887,0.27127,0.25502,1.081,0.213,5.0,56.43,8.4,9.6,0.0,0.0,0.0,54.1,0.56421,0.26409,0.17171,0.0,0.2512,0.65,0.015,单独cotton2k,BeerLambert_RUE,0.65,12.0,3.4
2022-05-09,129,18,8,24.55,33.0,16.1,16.9,0.4,2.058,21.03,0.5824,0.4176,2.2,0.0,5.277,60,12.55,173.8,99.2,seedling,0.2877,0.158195,1.0,0.18633,6.8712,5.1839,6.89,1.33,19.111,3.722,10.887,6.904,0.0,0.0,40.625,0.0,0.0,0.0,0.0,0.0,1.0,0.99203,0.30653,0.2701,0.25463,1.171,0.222,5.0,60.09,8.67,9.9,0.0,0.0,0.0,54.0,0.56206,0.268,0.16994,0.0,0.28667,0.65,0.015,单独cotton2k,BeerLambert_RUE,0.65,12.0,3.4
2022-05-10,130,19,9,27.0,35.6,18.4,17.2,0.3,2.7749,20.84,0.5687,0.4313,2.4,0.0,6.057,60,15.0,188.8,114.2,seedling,0.3312,0.178803,0.9588,0.21248,7.8302,5.8782,7.28,1.44,21.792,4.258,12.62,7.832,0.0,0.0,46.503,0.0,0.0,0.0,0.0,0.0,1.0,0.99201,0.30371,0.26869,0.25416,1.41,0.233,5.0,63.11,8.88,10.15,0.0,0.0,0.0,53.9,0.5602,0.27138,0.16842,0.0,0.32689,0.65,0.015,单独cotton2k,BeerLambert_RUE,0.65,12.0,3.4
2022-05-11,131,20,10,27.35,36.4,18.3,18.1,0.28,2.9433,19.99,0.5215,0.4785,2.6,0.0,6.277,60,15.35,204.1,129.6,seedling,0.3757,0.202413,0.9335,0.23946,8.114,6.0665,7.69,1.56,24.56,4.812,14.408,8.79,0.0,0.0,52.569,0.0,0.0,0.0,0.0,0.0,1.0,0.99199,0.30065,0.26716,0.25365,1.531,0.244,4.92,65.42,9.04,10.34,0.0,0.0,0.0,53.8,0.55872,0.27407,0.16721,0.0,0.36839,0.65,0.015,单独cotton2k,BeerLambert_RUE,0.65,12.0,3.4
2022-05-12,132,21,11,28.1,33.9,22.3,11.6,0.26,2.9535,12.46,0.1345,0.8655,5.4,0.0,7.663,60,16.1,220.2,145.7,seedling,0.4223,0.235061,0.932,0.26141,6.7274,4.9532,8.14,1.71,26.811,5.262,15.878,9.571,0.0,0.0,57.522,0.0,0.0,0.0,0.0,0.0,1.0,0.99198,0.29673,0.2652,0.25299,1.959,0.256,4.77,65.49,9.05,10.34,0.0,0.0,0.0,53.7,0.55758,0.27603,0.16639,0.0,0.40217,0.65,0.015,单独cotton2k,BeerLambert_RUE,0.65,12.0,3.4
2022-05-13,133,22,12,21.05,24.7,17.4,7.3,0.38,1.5807,12.67,0.143,0.857,2.7,0.0,3.457,60,9.05,229.3,154.8,seedling,0.4486,0.25369,1.0,0.27865,5.266,3.9052,8.41,1.79,28.58,5.616,17.045,10.186,0.0,0.0,61.428,0.0,0.0,0.0,0.0,0.0,1.0,0.99197,0.29492,0.26429,0.25269,0.906,0.262,4.7,66.51,9.12,10.42,0.0,0.0,0.0,53.7,0.55669,0.27749,0.16583,0.0,0.4287,0.65,0.015,单独cotton2k,BeerLambert_RUE,0.65,12.0,3.4
2022-05-14,134,23,13,20.1,25.6,14.6,11.0,0.55,1.1126,18.66,0.4439,0.5561,3.5,0.0,4.292,60,8.1,237.4,162.8,seedling,0.472,0.259427,1.0,0.29857,6.0694,4.5269,8.65,1.87,30.623,6.025,18.408,10.899,0.0,0.0,65.954,0.0,0.0,0.0,0.0,0.0,1.0,0.99196,0.29262,0.26314,0.25231,1.15,0.268,4.63,68.27,9.24,10.56,0.0,0.0,0.0,53.6,0.55565,0.27911,0.16524,0.0,0.45934,0.65,0.015,单独cotton2k,BeerLambert_RUE,0.65,12.0,3.4
2022-05-15,135,24,14,21.65,27.9,15.4,12.5,0.4,1.6523,19.74,0.4954,0.5046,3.9,0.0,5.702,60,9.65,247.0,172.5,seedling,0.5,0.273755,1.0,0.32187,7.1281,5.3128,8.95,1.97,33.012,6.502,20.019,11.734,0.0,0.0,71.267,0.0,0.0,0.0,0.0,0.0,1.0,0.99194,0.28948,0.26158,0.25178,1.568,0.275,4.55,69.93,9.35,10.69,0.0,0.0,0.0,53.5,0.55445,0.2809,0.16464,0.0,0.49518,0.65,0.015,单独cotton2k,BeerLambert_RUE,0.65,12.0,3.4
2022-05-16,136,25,15,20.1,25.5,14.7,10.8,0.47,1.3081,15.49,0.2787,0.7213,2.7,0.0,3.644,60,8.1,255.1,180.6,seedling,0.5235,0.299027,1.0,0.34023,5.6874,4.2041,9.21,2.05,34.896,6.879,21.303,12.394,0.0,0.0,75.471,0.0,0.0,0.0,0.0,0.0,1.0,0.99193,0.28743,0.26055,0.25144,1.024,0.281,4.49,70.85,9.41,10.76,0.0,0.0,0.0,53.5,0.55352,0.28227,0.16422,0.0,0.52343,0.65,0.015,单独cotton2k,BeerLambert_RUE,0.65,12.0,3.4
2022-05-17,137,26,16,20.4,29.2,11.6,17.6,0.47,1.4358,21.3,0.5675,0.4325,1.6,0.0,4.2,60,8.4,263.5,189.0,seedling,0.5478,0.303361,1.0,0.36319,7.0926,5.2753,9.49,2.14,37.25,7.35,22.926,13.221,0.0,0.0,80.747,0.0,0.0,0.0,0.0,0.0,1.0,0.99192,0.28502,0.25935,0.25104,1.205,0.287,4.42,72.39,9.51,10.87,0.0,0.0,0.0,53.4,0.55235,0.28392,0.16373,0.0,0.55875,0.65,0.015,单独cotton2k,BeerLambert_RUE,0.65,12.0,3.4
2022-05-18,138,27,17,24.95,30.8,19.1,11.7,0.31,2.2952,19.98,0.4985,0.5015,1.6,0.0,4.473,60,12.95,276.4,201.9,seedling,0.5854,0.322873,1.0,0.39657,9.6315,7.1404,9.92,2.29,40.425,7.985,25.137,14.339,0.0,0.0,87.887,0.0,0.0,0.0,0.0,0.0,1.0,0.99189,0.28237,0.25802,0.2506,1.326,0.296,4.33,73.47,9.58,10.95,0.0,0.0,0.0,53.3,0.55083,0.28602,0.16315,0.0,0.60638,0.654,0.015,单独cotton2k,BeerLambert_RUE,0.65,12.0,3.4
2022-05-19,139,28,18,23.75,32.7,14.8,17.9,0.33,2.2209,20.88,0.5406,0.4594,1.9,0.0,5.05,60,11.75,288.2,213.7,seedling,0.6194,0.343705,1.0,0.43007,9.5883,7.1063,10.33,2.43,43.573,8.615,27.354,15.451,0.0,0.0,94.993,0.0,0.0,0.0,0.0,0.0,1.0,0.99187,0.27929,0.25648,0.25009,1.54,0.305,4.25,74.58,9.66,11.03,0.0,0.0,0.0,53.2,0.54939,0.28796,0.16265,0.0,0.6536,0.658,0.015,单独cotton2k,BeerLambert_RUE,0.65,12.0,3.4
2022-05-20,140,29,19,24.7,33.1,16.3,16.8,0.32,2.35,17.85,0.3871,0.6129,3.5,0.0,6.194,60,12.7,300.9,226.4,seedling,0.6562,0.371582,1.0,0.4632,9.4659,6.9634,10.8,2.6,46.646,9.229,29.542,16.539,0.0,0.0,101.957,0.0,0.0,0.0,0.0,0.0,1.0,0.99185,0.2754,0.25454,0.24944,1.945,0.314,4.16,74.87,9.67,11.06,0.0,0.0,0.0,53.1,0.54803,0.28975,0.16221,0.0,0.69969,0.662,0.015,单独cotton2k,BeerLambert_RUE,0.65,12.0,3.4
2022-05-21,141,30,20,25.3,31.2,19.4,11.8,0.28,2.4469,16.33,0.3095,0.6905,2.7,0.0,5.074,60,13.3,314.2,239.7,seedling,0.6948,0.395706,1.0,0.49652,9.5064,6.9518,11.3,2.77,49.702,9.84,31.743,17.623,0.0,0.0,108.908,0.0,0.0,0.0,0.0,0.0,1.0,0.99183,0.27212,0.25289,0.24889,1.643,0.324,4.07,74.65,9.66,11.04,0.0,0.0,0.0,52.9,0.54672,0.29146,0.16182,0.0,0.74553,0.666,0.015,单独cotton2k,BeerLambert_RUE,0.65,12.0,3.4
2022-05-22,142,31,21,26.7,32.3,21.1,11.2,0.25,2.7519,16.6,0.3208,0.6792,1.6,0.0,3.946,60,14.7,328.9,254.4,seedling,0.7374,0.415355,0.9622,0.53297,10.4423,7.6044,11.88,2.98,53.031,10.506,34.167,18.809,0.0,0.0,116.513,0.0,0.0,0.0,0.0,0.0,1.0,0.99181,0.26948,0.25157,0.24845,1.319,0.334,3.98,74.09,9.62,11.0,0.0,0.0,0.0,52.8,0.54533,0.29324,0.16143,0.0,0.79547,0.67,0.015,单独cotton2k,BeerLambert_RUE,0.65,12.0,3.4
2022-05-23,143,32,22,26.35,31.8,20.9,10.9,0.26,2.654,13.54,0.1679,0.8321,3.7,0.0,5.802,60,14.35,343.2,268.8,seedling,0.779,0.444041,0.9769,0.55935,9.1274,6.566,12.46,3.2,55.895,11.079,36.275,19.831,0.0,0.0,123.079,0.0,0.0,0.0,0.0,0.0,1.0,0.99179,0.32,0.28505,0.24778,2.0,0.345,3.9,72.85,9.54,10.91,0.0,0.0,0.0,52.6,0.54415,0.29473,0.16112,0.0,0.83842,0.6671,0.015,单独cotton2k,BeerLambert_RUE,0.65,12.0,3.4
2022-05-24,144,33,23,27.2,31.4,23.0,8.4,0.25,2.777,10.35,0.0093,0.9907,2.5,0.0,3.865,60,15.2,358.4,283.9,seedling,0.823,0.470089,0.9584,0.58066,7.798,5.4779,13.11,3.44,58.274,11.555,38.046,20.682,0.0,0.0,128.557,0.0,0.0,0.0,0.0,0.0,1.0,0.99177,0.31725,0.28368,0.24733,1.375,0.356,3.82,70.65,9.4,10.74,0.0,0.1,0.0,52.4,0.54317,0.29595,0.16088,0.0,0.87411,0.6643,0.015,单独cotton2k,BeerLambert_RUE,0.65,12.0,3.4
2022-05-25,145,34,24,28.45,33.7,23.2,10.5,0.26,2.9876,15.67,0.2694,0.7306,3.8,0.0,6.628,60,16.45,374.9,300.4,seedling,0.8707,0.471439,0.9269,0.61352,11.4694,8.2407,13.84,3.71,61.838,12.268,40.73,21.962,0.0,0.0,136.798,0.0,0.0,0.0,0.0,0.0,1.0,0.99175,0.31238,0.28124,0.24651,2.437,0.368,3.73,69.44,9.32,10.65,0.0,0.1,0.0,52.2,0.54172,0.29774,0.16054,0.0,0.92757,0.6614,0.015,单独cotton2k,BeerLambert_RUE,0.65,12.0,3.4
2022-05-26,146,35,25,27.55,34.3,20.8,13.5,0.26,2.9102,21.36,0.5465,0.4535,2.1,0.0,5.785,60,15.55,390.4,315.9,seedling,0.9158,0.477429,0.9385,0.65635,14.6359,10.69,14.56,3.98,66.442,13.188,44.238,23.619,0.0,0.0,147.487,0.0,0.0,0.0,0.0,0.0,1.0,0.99171,0.30799,0.27905,0.24578,2.192,0.379,3.66,69.51,9.32,10.65,0.0,0.1,0.0,52.0,0.53991,0.29994,0.16014,0.0,0.99663,0.6586,0.015,单独cotton2k,BeerLambert_RUE,0.65,12.0,3.4
2022-05-27,147,36,26,26.1,33.6,18.6,15.0,0.27,2.681,21.81,0.5663,0.4337,1.8,0.0,5.374,60,14.1,404.6,330.1,seedling,0.9567,0.501623,0.9729,0.69866,14.6352,10.7048,15.24,4.24,71.033,14.107,47.775,25.277,0.0,0.0,158.192,0.0,0.0,0.0,0.0,0.0,1.0,0.99168,0.30381,0.27696,0.24509,2.091,0.389,3.59,69.78,9.34,10.67,0.0,0.2,0.0,51.8,0.53821,0.30201,0.15979,0.0,1.0655,0.6557,0.015,单独cotton2k,BeerLambert_RUE,0.65,12.0,3.4
2022-05-28,148,37,27,24.65,33.6,15.7,17.9,0.39,2.1306,22.53,0.5994,0.4006,3.0,0.0,6.369,60,12.65,417.2,342.7,seedling,0.9933,0.523739,1.0,0.73986,14.4479,10.578,15.87,4.48,75.551,15.01,51.297,26.913,0.0,0.0,168.77,0.0,0.0,0.0,0.0,0.0,1.0,0.99164,0.29874,0.27442,0.24424,2.537,0.398,3.54,70.23,9.37,10.71,0.0,0.2,0.0,51.6,0.53659,0.30394,0.15946,0.0,1.13326,0.6529,0.015,单独cotton2k,BeerLambert_RUE,0.65,12.0,3.4
2022-05-29,149,38,28,25.35,32.4,18.3,14.1,0.32,2.3686,14.12,0.1877,0.8123,2.6,0.0,4.509,60,13.35,430.6,356.1,squaring,0.0388,0.572084,1.0,0.76631,10.5774,7.5125,16.56,4.75,78.596,15.619,53.698,28.019,0.352,0.0,176.283,0.0365,0.0,0.0,0.0,0.0,1.0,0.99162,0.29489,0.27232,0.24319,2.099,0.466,3.49,69.02,9.29,10.61,0.0,0.3,0.0,51.4,0.53445,0.30461,0.15894,0.0,1.17894,0.65,0.015,单独cotton2k,BeerLambert_RUE,0.65,12.0,3.4
2022-05-30,150,39,29,25.65,33.1,18.2,14.9,0.32,2.4305,11.93,0.08,0.92,5.6,0.0,7.02,60,13.65,444.2,369.7,squaring,0.0867,0.594371,1.0,0.80924,9.4613,6.6047,17.28,5.02,81.249,16.15,55.815,28.985,0.688,0.0,182.888,0.1166,0.0,0.0,0.0,0.0,1.0,0.9916,0.28865,0.26892,0.24149,3.403,0.485,3.44,67.4,9.18,10.49,0.0,0.3,0.0,51.2,0.53256,0.30519,0.15849,0.0,1.21874,0.664,0.015,单独cotton2k,BeerLambert_RUE,0.65,12.0,3.4
2022-05-31,151,40,30,26.15,31.4,20.9,10.5,0.32,2.403,19.79,0.4604,0.5396,5.7,0.0,8.228,60,14.15,458.3,383.8,squaring,0.1363,0.58257,1.0,0.87132,15.3624,11.1156,18.06,5.32,85.675,17.035,59.388,30.603,1.303,0.0,194.003,0.2397,0.0,0.0,0.0,0.0,1.0,0.99156,0.28104,0.26477,0.23941,4.151,0.505,3.39,67.1,9.16,10.47,0.0,0.3,0.0,51.0,0.52943,0.30612,0.15774,0.0,1.28513,0.678,0.015,单独cotton2k,BeerLambert_RUE,0.65,12.0,3.4
2022-06-01,152,41,31,22.85,31.0,14.7,16.3,0.26,2.2812,22.68,0.5989,0.4011,2.4,0.0,5.912,60,10.85,469.2,394.7,squaring,0.1744,0.593525,1.0,0.92864,13.2422,9.5951,18.67,5.55,89.465,17.793,62.483,31.992,1.865,0.0,203.598,0.3928,0.0,0.0,0.0,0.0,1.0,0.99153,0.27541,0.2617,0.23788,3.073,0.52,3.36,67.12,9.16,10.47,0.0,0.4,0.0,50.8,0.52681,0.30689,0.15713,0.0,1.34197,0.692,0.015,单独cotton2k,BeerLambert_RUE,0.65,12.0,3.4
2022-06-02,153,42,32,22.3,32.0,12.6,19.4,0.29,2.2059,22.91,0.6083,0.3917,2.1,0.0,5.643,60,10.3,479.5,405.0,squaring,0.2105,0.609356,1.0,0.98656,13.0371,9.4296,19.26,5.78,93.159,18.532,65.537,33.351,2.449,0.0,213.028,0.5723,0.0,0.0,0.0,0.0,1.0,0.9915,0.26988,0.25868,0.23637,3.014,0.534,3.33,67.16,9.16,10.47,0.0,0.4,0.0,50.7,0.5243,0.30765,0.15656,0.0,1.39739,0.706,0.015,单独cotton2k,BeerLambert_RUE,0.65,12.0,3.4
2022-06-03,154,43,33,24.15,32.9,15.4,17.5,0.28,2.4306,22.39,0.5816,0.4184,2.7,0.0,6.368,60,12.15,491.6,417.1,squaring,0.2532,0.626755,1.0,1.05301,15.4588,11.1783,19.98,6.05,97.501,19.4,69.17,34.953,3.182,0.0,224.206,0.7808,0.0,0.0,0.0,0.0,1.0,0.99146,0.32,0.3,0.23823,3.51,0.551,3.3,67.13,9.16,10.47,0.3,0.5,0.0,50.5,0.5214,0.30851,0.1559,0.0,1.46252,0.72,0.015,单独cotton2k,BeerLambert_RUE,0.65,12.0,3.4
2022-06-04,155,44,34,25.05,31.5,18.6,12.9,0.38,2.0972,19.84,0.4571,0.5429,2.2,0.0,4.998,60,13.05,504.7,430.2,squaring,0.2989,0.653472,1.0,1.10525,15.3401,10.9927,20.76,6.35,101.732,20.246,72.753,36.519,3.948,0.0,235.199,1.0173,0.0,0.0,0.0,0.0,1.0,0.99142,0.31478,0.29715,0.2368,2.847,0.57,3.27,66.77,9.14,10.44,0.5,0.5,0.0,50.2,0.51862,0.30933,0.15527,0.0,1.52599,0.7243,0.015,单独cotton2k,BeerLambert_RUE,0.65,12.0,3.4
2022-06-05,156,45,35,21.35,31.0,11.7,19.3,0.44,1.6429,23.01,0.6086,0.3914,1.3,0.0,4.503,60,9.35,514.0,439.6,squaring,0.3318,0.658673,1.0,1.15031,12.8483,9.2293,21.34,6.56,105.257,20.951,75.774,37.828,4.618,0.0,244.428,1.2695,0.0,0.0,0.0,0.0,1.0,0.99139,0.30997,0.29453,0.23549,2.624,0.583,3.25,66.81,9.14,10.44,0.8,0.5,0.0,50.1,0.51634,0.31,0.15476,0.0,1.57885,0.7286,0.015,单独cotton2k,BeerLambert_RUE,0.65,12.0,3.4
2022-06-06,157,46,36,21.95,30.1,13.8,16.3,0.41,1.7244,18.03,0.3676,0.6324,2.6,0.0,4.649,60,9.95,524.0,449.5,squaring,0.3667,0.690344,1.0,1.18991,11.2288,7.9178,21.97,6.8,108.244,21.549,78.358,38.955,5.215,0.027,252.346,1.5365,0.0,0.0,0.0,0.0,1.0,0.99136,0.30489,0.29176,0.23411,2.774,0.597,3.23,66.35,9.11,10.41,1.0,0.6,0.0,49.9,0.51434,0.31052,0.15437,0.00011,1.62366,0.7329,0.015,单独cotton2k,BeerLambert_RUE,0.65,12.0,3.4
2022-06-07,158,47,37,23.4,32.0,14.8,17.2,0.36,2.0603,21.37,0.5272,0.4728,3.2,0.0,6.203,60,11.4,535.4,460.9,squaring,0.4067,0.688925,1.0,1.24173,15.217,10.8931,22.7,7.07,112.301,22.36,81.9,40.508,6.071,0.099,263.239,1.818,0.0,0.0,0.0,0.0,1.0,0.99133,0.29792,0.28796,0.23221,3.801,0.613,3.21,66.22,9.1,10.4,1.3,0.6,0.0,49.7,0.51155,0.31112,0.15388,0.00038,1.68451,0.7371,0.015,单独cotton2k,BeerLambert_RUE,0.65,12.0,3.4
2022-06-08,159,48,38,23.25,32.7,13.8,18.9,0.36,2.0877,23.01,0.6049,0.3951,2.1,0.0,5.597,60,11.25,546.6,472.1,squaring,0.4461,0.696986,1.0,1.29698,16.3584,11.7469,23.44,7.33,116.62,23.224,85.707,42.187,7.032,0.216,274.986,2.1103,0.0,0.0,0.0,0.0,1.0,0.99128,0.29147,0.28444,0.23045,3.517,0.628,3.2,66.26,9.1,10.4,1.5,0.6,0.0,49.5,0.50855,0.31168,0.15341,0.00079,1.7493,0.7414,0.015,单独cotton2k,BeerLambert_RUE,0.65,12.0,3.4
2022-06-09,160,49,39,24.3,35.0,13.6,21.4,0.42,2.0823,22.11,0.5607,0.4393,1.2,0.0,4.634,60,12.3,558.9,484.4,squaring,0.4893,0.715041,1.0,1.3557,17.6308,12.6189,24.26,7.63,121.199,24.14,89.781,43.994,7.296,0.383,286.794,2.4109,0.0,0.0,0.0,0.0,1.0,0.99124,0.28598,0.28145,0.22895,2.993,0.646,3.18,66.21,9.1,10.4,1.8,0.7,0.0,49.3,0.50677,0.31305,0.1534,0.00134,1.81799,0.7457,0.015,单独cotton2k,BeerLambert_RUE,0.65,12.0,3.4
2022-06-10,161,50,40,27.25,35.9,18.6,17.3,0.37,2.5363,19.8,0.4491,0.5509,2.8,0.0,6.098,60,15.25,574.2,499.7,squaring,0.5428,0.739073,0.9946,1.4209,20.1234,14.2621,25.3,7.99,126.302,25.16,94.365,46.039,7.714,0.619,300.199,2.7177,0.0,0.0,0.0,0.0,1.0,0.99118,0.27852,0.27738,0.22692,4.068,0.667,3.17,65.84,9.07,10.37,2.2,0.7,0.0,49.0,0.50454,0.31434,0.15336,0.00206,1.89454,0.75,0.015,单独cotton2k,BeerLambert_RUE,0.65,12.0,3.4
2022-06-11,162,51,41,26.6,34.5,18.7,15.8,0.36,2.4402,20.69,0.491,0.509,1.7,0.0,4.986,60,14.6,588.8,514.3,squaring,0.594,0.751386,1.0,1.48172,20.579,14.6127,26.32,8.34,131.458,26.192,99.041,48.137,8.321,0.906,314.055,3.0236,0.0,0.0,0.0,0.0,1.0,0.99113,0.27224,0.27395,0.2252,3.428,0.688,3.15,65.65,9.06,10.35,2.5,0.8,0.0,48.7,0.50198,0.31536,0.15328,0.00289,1.97187,0.7514,0.015,单独cotton2k,BeerLambert_RUE,0.65,12.0,3.4
2022-06-12,163,52,42,26.35,35.7,17.0,18.7,0.32,2.6458,22.25,0.5649,0.4351,3.1,0.0,7.032,60,14.35,603.1,528.6,squaring,0.6444,0.760155,0.9781,1.54467,21.5244,15.3062,27.34,8.69,136.783,27.257,103.918,50.338,8.829,1.256,328.381,3.3226,0.0,0.0,0.0,0.0,1.0,0.99107,0.26311,0.26897,0.22271,4.977,0.708,3.15,65.62,9.06,10.35,2.9,0.9,0.0,48.5,0.49954,0.31646,0.15329,0.00383,2.05174,0.7529,0.015,单独cotton2k,BeerLambert_RUE,0.65,12.0,3.4
2022-06-13,164,53,43,27.95,36.4,19.5,16.9,0.29,2.9605,22.67,0.5844,0.4156,2.9,0.0,7.164,60,15.95,619.1,544.6,squaring,0.7004,0.773212,0.9309,1.61232,23.5978,16.6837,28.5,9.06,142.503,28.401,109.209,52.739,9.47,1.691,344.012,3.6078,0.0,0.0,0.0,0.0,1.0,0.99101,0.25352,0.26374,0.2201,5.231,0.73,3.14,65.51,9.05,10.34,3.3,0.9,0.0,48.2,0.4968,0.31746,0.15331,0.00491,2.13755,0.7543,0.015,单独cotton2k,BeerLambert_RUE,0.65,12.0,3.4
2022-06-14,165,54,44,26.15,35.2,17.1,18.1,0.31,2.6341,18.54,0.3864,0.6136,2.7,0.0,5.839,60,14.15,633.2,558.8,squaring,0.75,0.806059,0.9799,1.6655,18.7868,13.0814,29.55,9.4,146.925,29.285,113.34,54.625,9.762,2.072,356.009,3.8743,0.0,0.0,0.0,0.0,1.0,0.99096,0.2455,0.25936,0.21791,4.379,0.75,3.14,65.16,9.02,10.31,3.6,1.0,0.0,48.0,0.49496,0.31836,0.15344,0.00582,2.20388,0.7557,0.015,单独cotton2k,BeerLambert_RUE,0.65,12.0,3.4
2022-06-15,166,55,45,26.9,36.3,17.5,18.8,0.32,2.7334,23.26,0.6116,0.3884,2.4,0.0,6.576,60,14.9,648.1,573.6,squaring,0.8023,0.796781,0.965,1.73338,24.1604,17.104,30.67,9.74,152.625,30.425,118.717,57.093,10.467,2.623,371.95,4.1158,0.0,0.0,0.0,0.0,1.0,0.99089,0.2362,0.25429,0.21537,5.069,0.771,3.15,65.3,9.03,10.32,3.9,1.0,0.0,47.7,0.49214,0.31918,0.1535,0.00705,2.28937,0.7571,0.015,单独cotton2k,BeerLambert_RUE,0.65,12.0,3.4
2022-06-16,167,56,46,25.65,34.7,16.6,18.1,0.47,1.9661,18.0,0.3599,0.6401,1.9,0.0,4.398,60,13.65,661.8,587.3,squaring,0.8502,0.833666,1.0,1.78469,18.5714,12.8494,31.71,10.05,156.846,31.269,122.741,58.95,10.724,3.077,383.608,4.3294,0.0,0.0,0.0,0.0,1.0,0.99084,0.32,0.28065,0.21364,3.475,0.79,3.16,65.04,9.02,10.3,4.2,1.1,0.0,47.5,0.49038,0.31996,0.15367,0.00802,2.35269,0.7586,0.015,单独cotton2k,BeerLambert_RUE,0.65,12.0,3.4
2022-06-17,168,57,47,25.3,33.6,17.0,16.6,0.34,2.3561,19.21,0.4174,0.5826,2.9,0.0,5.868,60,13.3,675.1,600.6,squaring,0.8968,0.83806,1.0,1.83786,19.4134,13.4894,32.74,10.34,161.216,32.143,126.949,60.903,12.291,3.595,397.097,4.512,0.0,0.0,0.0,0.0,1.0,0.99078,0.3113,0.2759,0.21126,4.745,0.809,3.16,64.94,9.01,10.3,4.5,1.1,0.0,47.2,0.48693,0.31969,0.15337,0.00905,2.41824,0.76,0.015,单独cotton2k,BeerLambert_RUE,0.65,12.0,3.4
2022-06-18,169,58,48,22.05,30.0,14.1,15.9,0.5,1.463,20.29,0.4688,0.5312,2.4,0.0,4.625,60,10.05,685.1,610.6,squaring,0.9321,0.842843,1.0,1.88071,15.5827,10.7914,33.52,10.56,164.665,32.833,130.305,62.469,13.573,4.043,407.889,4.668,0.0,0.0,0.0,0.0,1.0,0.99074,0.30432,0.2721,0.20936,3.806,0.823,3.17,64.96,9.01,10.3,4.8,1.1,0.0,47.1,0.4842,0.31946,0.15315,0.00991,2.46998,0.7614,0.015,单独cotton2k,BeerLambert_RUE,0.65,12.0,3.4
2022-06-19,170,59,49,23.95,29.5,18.4,11.1,0.52,1.4974,9.3,0.0,1.0,4.0,0.0,3.615,60,11.95,697.1,622.6,squaring,0.974,0.895113,1.0,1.90378,9.0194,5.5045,34.46,10.82,166.373,33.175,131.963,63.255,14.238,4.389,413.393,4.791,0.0,0.0,0.0,0.0,1.0,0.99072,0.29876,0.26906,0.20784,3.036,0.84,3.19,64.09,8.95,10.23,5.0,1.2,0.0,46.9,0.48271,0.31922,0.15301,0.01062,2.4956,0.7629,0.015,单独cotton2k,BeerLambert_RUE,0.65,12.0,3.4
2022-06-20,171,60,50,23.0,28.8,17.2,11.6,0.49,1.5101,15.33,0.2319,0.7681,2.1,0.0,3.471,60,11.0,708.1,633.6,flowering,0.0042,0.876493,1.0,1.93899,13.4008,8.9648,35.33,11.05,169.133,33.727,134.637,64.543,15.161,5.158,422.358,4.7832,0.0019,0.0,0.0,0.0,1.0,0.99068,0.29407,0.26541,0.20576,3.127,0.901,3.2,63.8,8.93,10.21,5.2,1.2,0.01,46.7,0.4803,0.31878,0.15281,0.01221,2.53699,0.7643,0.015,单独cotton2k,BeerLambert_RUE,0.65,12.0,3.4
2022-06-21,172,61,51,23.2,31.9,14.5,17.4,0.49,1.6267,20.08,0.4588,0.5412,1.5,0.0,4.149,60,11.2,719.3,644.8,flowering,0.0174,0.86023,1.0,1.98434,17.5406,12.1128,36.22,11.27,172.766,34.453,138.15,66.262,16.377,6.462,434.471,4.7737,0.0097,0.0,0.0,0.0,1.0,0.99061,0.28844,0.26104,0.20326,3.749,0.903,3.21,63.86,8.93,10.21,5.5,1.2,0.06,46.5,0.47695,0.31797,0.15251,0.01487,2.59149,0.7657,0.015,单独cotton2k,BeerLambert_RUE,0.65,12.0,3.4
2022-06-22,173,62,52,26.45,34.0,18.9,15.1,0.46,2.0258,15.89,0.2588,0.7412,1.6,0.0,3.666,60,14.45,733.8,659.2,flowering,0.0345,0.886898,1.0,2.02977,18.4635,12.4032,37.38,11.56,176.392,35.178,141.649,68.003,17.584,8.067,446.873,4.7622,0.0249,0.0,0.0,0.0,0.99949,0.99055,0.28346,0.25716,0.20104,3.323,0.907,3.23,63.6,8.92,10.19,5.8,1.3,0.12,46.3,0.47345,0.31698,0.15217,0.01805,2.64589,0.7671,0.015,单独cotton2k,BeerLambert_RUE,0.65,12.0,3.4
2022-06-23,174,63,53,26.5,33.3,19.7,13.6,0.41,2.1861,16.82,0.3034,0.6966,2.4,0.0,4.697,60,14.5,748.2,673.8,flowering,0.0515,0.889523,1.0,2.07693,19.6697,13.2113,38.54,11.83,180.155,35.931,145.271,69.836,18.829,10.062,460.083,4.7487,0.0474,0.0,0.0,0.0,0.99475,0.99048,0.27708,0.2522,0.19821,4.253,0.91,3.26,63.46,8.91,10.18,6.0,1.3,0.17,46.1,0.46967,0.31575,0.15179,0.02187,2.70233,0.7686,0.015,单独cotton2k,BeerLambert_RUE,0.65,12.0,3.4
2022-06-24,175,64,54,26.75,34.2,19.3,14.9,0.41,2.2472,18.03,0.3615,0.6385,2.4,0.0,5.028,60,14.75,763.0,688.5,flowering,0.0689,0.890749,1.0,2.12699,21.4778,14.4206,39.74,12.1,184.155,36.731,149.112,71.815,19.473,12.545,473.831,4.7332,0.077,0.0,0.0,0.0,0.98868,0.99041,0.27027,0.2469,0.19518,4.542,0.914,3.28,63.43,8.9,10.18,6.3,1.4,0.23,45.9,0.46617,0.31469,0.15156,0.02648,2.76232,0.77,0.015,单独cotton2k,BeerLambert_RUE,0.65,12.0,3.4
2022-06-25,176,65,55,26.9,34.2,19.6,14.6,0.44,2.1447,22.01,0.5521,0.4479,3.5,0.0,6.636,60,14.9,777.9,703.4,flowering,0.0865,0.878785,1.0,2.24194,26.1298,17.7742,40.94,12.35,188.954,37.691,153.71,74.226,20.349,15.97,490.9,4.7157,0.1137,0.0,0.0,0.0,0.98221,0.99031,0.2613,0.23993,0.1912,5.978,0.917,3.31,63.73,8.93,10.2,6.6,1.4,0.29,45.7,0.46169,0.31312,0.1512,0.03253,2.83431,0.791,0.015,单独cotton2k,BeerLambert_RUE,0.65,12.0,3.4
2022-06-26,177,66,56,27.2,33.5,20.9,12.6,0.39,2.3316,21.76,0.5406,0.4594,3.6,0.4,6.871,60,15.2,793.1,718.6,flowering,0.1044,0.88794,1.0,2.35866,26.6277,17.8748,42.17,12.6,193.65,38.63,158.198,76.625,21.881,19.786,508.771,4.6962,0.1573,0.0,0.0,0.0,0.97368,0.9902,0.25206,0.23274,0.18709,6.161,0.921,3.35,64.02,8.95,10.22,6.8,1.4,0.35,45.5,0.45655,0.31094,0.15061,0.03889,2.90476,0.812,0.015,单独cotton2k,BeerLambert_RUE,0.65,12.0,3.4
2022-06-27,178,67,57,27.05,36.2,17.9,18.3,0.48,2.095,22.97,0.5991,0.4009,1.4,0.0,5.173,60,15.05,808.1,733.6,flowering,0.1221,0.889467,1.0,2.47902,27.8789,18.5891,43.39,12.84,198.401,39.58,162.727,79.092,21.075,24.137,525.012,4.6748,0.2075,0.0,0.0,0.0,0.96489,0.99009,0.24514,0.22736,0.18401,4.614,0.924,3.38,64.38,8.97,10.25,7.0,1.5,0.41,45.4,0.45329,0.30995,0.15065,0.04597,2.97601,0.833,0.015,单独cotton2k,BeerLambert_RUE,0.65,12.0,3.4
2022-06-28,179,68,58,27.8,36.2,19.4,16.8,0.41,2.4365,21.71,0.5395,0.4605,1.4,0.0,4.995,60,15.8,823.9,749.4,flowering,0.1407,0.902768,1.0,2.60012,28.0763,18.4177,44.66,13.07,202.976,40.495,167.078,81.509,20.29,28.818,541.166,4.6515,0.2645,0.0,0.0,0.0,0.95831,0.98998,0.23847,0.22217,0.18105,4.443,0.928,3.42,64.69,8.99,10.28,7.3,1.5,0.47,45.2,0.4499,0.30874,0.15062,0.05325,3.04464,0.854,0.015,单独cotton2k,BeerLambert_RUE,0.65,12.0,3.4
2022-06-29,180,69,59,28.3,36.3,20.3,16.0,0.35,2.737,22.54,0.58,0.42,2.2,0.0,6.181,60,16.3,840.2,765.7,flowering,0.1599,0.90523,0.9644,2.72387,29.0822,18.8759,45.96,13.3,207.533,41.407,171.4,83.959,19.57,33.989,557.856,4.6261,0.3282,0.0,0.0,0.0,0.95198,0.98986,0.23025,0.21578,0.17739,5.484,0.932,3.46,65.02,9.02,10.3,7.5,1.5,0.54,45.0,0.44624,0.30725,0.1505,0.06093,3.11299,0.875,0.015,单独cotton2k,BeerLambert_RUE,0.65,12.0,3.4
2022-06-30,181,70,60,27.85,37.7,18.0,19.7,0.5,2.1455,22.59,0.5833,0.4167,1.5,0.0,5.308,60,15.85,856.1,781.6,flowering,0.1786,0.911197,1.0,2.78258,29.5805,19.0838,47.22,13.51,212.006,42.301,175.632,86.409,18.89,39.588,574.826,4.5988,0.3981,0.0,0.0,0.0,0.94416,0.98974,0.32,0.24852,0.17427,4.689,0.936,3.5,65.4,9.04,10.33,7.7,1.6,0.6,44.9,0.44241,0.30554,0.15032,0.06887,3.18009,0.875,0.015,单独cotton2k,BeerLambert_RUE,0.65,12.0,3.4
2022-07-01,182,71,61,27.85,35.8,19.9,15.9,0.39,2.501,21.38,0.5262,0.4738,2.6,0.0,6.171,60,15.85,871.9,797.4,flowering,0.1972,0.923106,0.9999,2.83627,28.3578,17.9866,48.46,13.7,216.097,43.119,179.492,88.693,18.157,45.218,590.777,4.5697,0.4739,0.0,0.0,0.0,0.93747,0.98962,0.31185,0.24218,0.17064,5.435,0.939,3.54,65.72,9.06,10.36,7.9,1.6,0.66,44.7,0.43877,0.30382,0.15013,0.07654,3.24146,0.875,0.015,单独cotton2k,BeerLambert_RUE,0.65,12.0,3.4
2022-07-02,183,72,62,26.75,35.8,17.7,18.1,0.36,2.5285,22.6,0.5858,0.4142,3.0,0.0,6.863,60,14.75,886.7,812.2,flowering,0.2146,0.922052,0.9957,2.88698,27.7488,17.5187,49.61,13.87,219.96,43.892,183.129,90.893,17.426,51.037,606.338,4.539,0.5547,0.0,48.82,20.51,0.92972,0.9895,0.30282,0.23516,0.16663,6.017,0.943,3.58,66.08,9.09,10.39,8.1,1.6,0.72,44.6,0.43516,0.30202,0.14991,0.08417,3.29941,0.875,0.015,单独cotton2k,BeerLambert_RUE,0.65,12.0,3.4
2022-07-03,184,73,63,28.15,34.7,21.6,13.1,0.35,2.6358,22.84,0.5985,0.4015,4.4,0.0,8.162,60,16.15,902.8,828.3,flowering,0.2336,0.925425,0.9796,2.93994,30.3192,18.8715,50.85,14.04,223.995,44.699,186.915,93.237,16.817,57.65,623.314,4.5065,0.6411,0.0,104.4,43.85,0.92114,0.98937,0.29215,0.22685,0.16189,7.118,0.947,3.62,66.47,9.11,10.42,8.2,1.7,0.78,44.5,0.43107,0.29987,0.14958,0.09249,3.35993,0.875,0.015,单独cotton2k,BeerLambert_RUE,0.65,12.0,3.4
2022-07-04,185,74,64,27.7,35.5,19.9,15.6,0.41,2.3906,23.14,0.6142,0.3858,2.1,0.0,5.967,60,15.7,918.5,844.0,flowering,0.2521,0.928488,1.0,2.99043,30.5835,18.8562,52.04,14.2,227.842,45.468,190.639,95.574,16.231,64.582,640.336,4.4723,0.7324,0.0,162.69,68.33,0.91099,0.98923,0.2844,0.22083,0.15844,5.166,0.95,3.67,66.86,9.14,10.45,8.4,1.7,0.85,44.4,0.42682,0.29772,0.14926,0.10086,3.41763,0.875,0.015,单独cotton2k,BeerLambert_RUE,0.65,12.0,3.4
2022-07-05,186,75,65,31.1,39.3,22.9,16.4,0.34,3.2661,23.14,0.6156,0.3844,2.4,0.0,6.987,60,16.02,934.6,860.1,flowering,0.271,0.932678,0.8851,3.03099,27.7452,15.9359,53.23,14.35,230.933,46.087,193.735,97.544,15.484,70.732,654.514,4.4364,0.8284,0.0,214.35,90.03,0.90362,0.98911,0.27536,0.2138,0.15443,6.024,0.954,3.71,67.07,9.16,10.46,8.5,1.7,0.91,44.2,0.42324,0.296,0.14903,0.10807,3.46399,0.875,0.015,单独cotton2k,BeerLambert_RUE,0.65,12.0,3.4
2022-07-06,187,76,66,30.35,37.3,23.4,13.9,0.33,3.1008,22.61,0.5915,0.4085,4.2,0.0,8.566,60,17.37,951.9,877.4,flowering,0.2914,0.938635,0.9099,3.07388,30.4107,17.7224,54.49,14.49,234.2,46.74,197.123,99.731,14.886,77.86,670.539,4.3987,0.9295,0.0,274.32,115.22,0.89503,0.98897,0.32,0.28457,0.14953,7.347,0.958,3.76,67.32,9.17,10.48,8.7,1.7,0.98,44.1,0.41898,0.29398,0.14873,0.11612,3.51301,0.875,0.015,单独cotton2k,BeerLambert_RUE,0.65,12.0,3.4
2022-07-07,188,77,67,29.5,33.7,25.3,8.4,0.32,2.875,23.02,0.6128,0.3872,3.2,0.0,7.306,60,17.5,969.4,894.9,flowering,0.3121,0.939796,0.9438,3.1173,32.3953,18.9766,55.74,14.63,237.508,47.402,200.691,102.067,15.983,85.804,689.455,4.3591,1.0352,0.0,341.26,143.33,0.88456,0.98881,0.31067,0.27731,0.14538,6.22,0.962,3.81,67.64,9.19,10.51,8.8,1.7,1.05,44.0,0.41324,0.29109,0.14804,0.12445,3.56262,0.875,0.015,单独cotton2k,BeerLambert_RUE,0.65,12.0,3.4
2022-07-08,189,78,68,27.75,31.6,23.9,7.7,0.4,2.2843,18.67,0.4039,0.5961,2.4,0.0,5.09,60,15.75,985.2,910.7,flowering,0.3306,0.965779,1.0,3.14814,25.7484,14.5714,56.84,14.75,239.858,47.872,203.386,103.857,16.746,92.197,703.915,4.318,1.1446,0.0,394.91,165.86,0.87569,0.98869,0.30421,0.27229,0.14251,4.306,0.966,3.85,67.78,9.2,10.52,8.9,1.8,1.11,43.9,0.40876,0.28893,0.14754,0.13098,3.59787,0.875,0.015,单独cotton2k,BeerLambert_RUE,0.65,12.0,3.4
2022-07-09,190,79,69,25.7,30.3,21.1,9.2,0.46,1.8411,21.13,0.5246,0.4754,1.9,0.0,4.808,60,13.7,998.9,924.4,flowering,0.3467,0.955087,1.0,3.17627,25.0675,14.3303,57.77,14.84,242.002,48.301,205.99,105.613,17.454,98.739,718.098,4.2757,1.2565,0.0,449.72,188.88,0.86955,0.98856,0.29813,0.26756,0.13981,4.053,0.969,3.89,67.96,9.22,10.53,9.0,1.8,1.17,43.9,0.40427,0.28686,0.14707,0.1375,3.63002,0.875,0.015,单独cotton2k,BeerLambert_RUE,0.65,12.0,3.4
2022-07-10,191,80,70,25.8,31.8,19.8,12.0,0.35,2.2785,17.59,0.3543,0.6457,2.4,0.0,4.878,60,13.8,1012.7,938.2,flowering,0.363,0.975695,1.0,3.19726,21.4737,11.7733,58.69,14.92,243.601,48.62,208.093,107.051,17.969,104.352,729.687,4.2323,1.3707,0.0,496.55,208.55,0.86377,0.98846,0.29199,0.26278,0.13708,4.098,0.973,3.93,68.01,9.22,10.54,9.1,1.8,1.22,43.8,0.40048,0.28518,0.14671,0.14301,3.65402,0.875,0.015,单独cotton2k,BeerLambert_RUE,0.65,12.0,3.4
2022-07-11,192,81,71,23.85,31.3,16.4,14.9,0.47,1.7053,15.23,0.241,0.759,2.2,0.0,3.771,60,11.85,1024.5,950.0,flowering,0.377,0.989605,1.0,3.21009,16.193,8.4819,59.46,14.99,244.578,48.816,209.557,108.063,18.263,108.681,737.958,4.1881,1.4862,0.0,532.37,223.6,0.85792,0.98838,0.28725,0.2591,0.13498,3.155,0.975,3.97,67.97,9.22,10.53,9.2,1.8,1.27,43.8,0.39758,0.28397,0.14643,0.14727,3.66867,0.875,0.015,单独cotton2k,BeerLambert_RUE,0.65,12.0,3.4
2022-07-12,193,82,72,25.05,32.8,17.3,15.5,0.47,1.8415,21.52,0.5489,0.4511,2.5,0.0,5.424,60,13.05,1037.6,963.1,flowering,0.3923,0.957018,1.0,3.34486,24.368,13.5948,60.29,15.06,246.058,49.112,211.821,109.643,18.827,115.859,751.321,4.1429,1.6034,0.0,592.37,248.8,0.85342,0.98826,0.28046,0.25381,0.13196,4.529,0.978,4.0,68.06,9.22,10.54,9.3,1.8,1.32,43.7,0.39287,0.28193,0.14593,0.15421,3.69088,0.9062,0.015,单独cotton2k,BeerLambert_RUE,0.65,12.0,3.4
2022-07-13,194,83,73,25.15,31.6,18.7,12.9,0.5,1.7012,15.18,0.2413,0.7587,2.0,0.2,3.597,60,13.15,1050.7,976.2,flowering,0.4078,0.991971,1.0,3.25017,17.9533,9.2422,61.11,15.13,231.123,47.604,213.305,110.69,17.254,121.04,741.016,4.0968,1.7219,0.0,635.49,266.91,0.84696,0.98817,0.27597,0.25032,0.12996,2.991,0.982,4.04,63.64,8.92,10.19,9.3,1.8,1.37,43.7,0.37614,0.28785,0.14938,0.16334,3.46685,0.9375,0.015,单独cotton2k,BeerLambert_RUE,0.65,12.0,3.4
2022-07-14,195,84,74,24.95,31.0,18.9,12.1,0.48,1.7358,19.26,0.4425,0.5575,2.3,0.0,4.663,60,12.95,1063.7,989.2,flowering,0.4231,0.954841,1.0,3.36194,21.5926,11.6255,61.89,15.19,231.359,47.645,215.118,111.987,17.669,127.656,751.435,4.0498,1.8416,0.0,690.76,290.12,0.8427,0.98806,0.27017,0.24581,0.12738,3.869,0.985,4.07,63.45,8.91,10.18,9.4,1.8,1.42,43.6,0.3713,0.28628,0.14903,0.16988,3.47039,0.9688,0.015,单独cotton2k,BeerLambert_RUE,0.65,12.0,3.4
2022-07-15,196,85,75,23.1,29.7,16.5,13.2,0.64,1.0886,16.81,0.3243,0.6757,2.1,0.0,3.418,60,11.1,1074.8,1000.3,flowering,0.4361,0.967793,1.0,3.46828,16.3727,8.4379,62.55,15.24,231.218,47.611,216.396,112.914,17.888,132.631,758.659,4.0021,1.9616,0.0,732.02,307.45,0.83718,0.98797,0.26593,0.24251,0.1255,2.825,0.987,4.1,63.21,8.89,10.16,9.4,1.8,1.47,43.6,0.36753,0.28524,0.14883,0.17482,3.46828,1.0,0.015,单独cotton2k,BeerLambert_RUE,0.65,12.0,3.4
2022-07-16,197,86,76,24.3,31.5,17.1,14.4,0.54,1.5116,21.64,0.5635,0.4365,2.3,0.0,4.947,60,12.3,1087.1,1012.6,flowering,0.4506,0.94195,1.0,3.47129,22.732,12.2733,63.26,15.29,231.419,47.645,218.2,114.24,18.285,139.924,769.713,3.9538,2.0822,0.0,792.93,333.03,0.83315,0.98785,0.25981,0.23775,0.12278,4.081,0.99,4.14,63.05,8.88,10.15,9.5,1.8,1.51,43.5,0.36256,0.28348,0.14842,0.18179,3.47129,1.0,0.015,单独cotton2k,BeerLambert_RUE,0.65,12.0,3.4
2022-07-17,198,87,77,25.35,33.5,17.2,16.3,0.49,1.8195,21.49,0.5585,0.4415,1.8,0.0,4.897,60,13.35,1100.4,1025.9,flowering,0.4664,0.942701,1.0,3.47469,24.5211,13.1161,64.01,15.35,231.646,47.684,220.067,115.635,18.694,147.874,781.601,3.9045,2.2034,0.0,859.37,360.94,0.82733,0.98771,0.25377,0.23306,0.1201,4.025,0.993,4.17,62.89,8.87,10.13,9.5,1.9,1.57,43.5,0.35738,0.28156,0.14795,0.18919,3.47469,1.0,0.015,单独cotton2k,BeerLambert_RUE,0.65,12.0,3.4
2022-07-18,199,88,78,26.35,35.5,17.2,18.3,0.47,2.0517,22.81,0.6261,0.3739,1.9,0.0,5.505,60,14.35,1114.8,1040.3,flowering,0.4833,0.935674,1.0,3.47961,27.7683,14.8579,64.79,15.4,231.974,47.744,222.116,117.189,17.238,157.046,793.306,3.8541,2.3252,0.0,936.12,393.17,0.8216,0.98755,0.24701,0.2278,0.11709,4.508,0.997,4.21,62.77,8.86,10.12,9.6,1.9,1.62,43.5,0.3526,0.27999,0.14772,0.19796,3.47961,1.0,0.015,单独cotton2k,BeerLambert_RUE,0.65,12.0,3.4
2022-07-19,200,89,79,27.8,34.2,21.4,12.8,0.44,2.2197,18.44,0.4126,0.5874,3.6,0.0,6.086,60,15.8,1130.6,1056.1,flowering,0.5019,0.958977,1.0,3.48095,25.3322,12.8804,65.62,15.45,232.063,47.756,223.834,118.514,17.003,165.182,804.352,3.8025,2.4477,0.0,1004.23,421.78,0.81517,0.9874,0.23957,0.22201,0.11378,4.963,1.0,4.25,62.58,8.84,10.11,9.7,1.9,1.69,43.4,0.34788,0.27828,0.14734,0.20536,3.48095,1.0,0.015,单独cotton2k,BeerLambert_RUE,0.65,12.0,3.4
2022-07-20,201,90,80,23.15,32.7,13.6,19.1,0.42,1.8861,22.92,0.6372,0.3628,1.8,0.0,5.161,60,11.15,1141.7,1067.2,flowering,0.515,0.934929,1.0,3.47945,21.6629,11.279,66.19,15.48,231.963,47.73,225.286,119.654,17.262,172.48,814.375,3.7504,2.5696,0.0,1065.24,447.4,0.80809,0.98727,0.32,0.26542,0.11099,4.183,1.003,4.27,62.42,8.83,10.09,9.7,1.9,1.73,43.4,0.34344,0.27664,0.14693,0.21179,3.47945,1.0,0.015,单独cotton2k,BeerLambert_RUE,0.65,12.0,3.4
2022-07-21,202,91,81,25.4,32.8,18.0,14.8,0.54,1.6187,22.74,0.6312,0.3688,3.0,0.0,5.743,60,13.4,1155.1,1080.6,flowering,0.5308,0.935465,1.0,3.46578,25.8446,13.3759,66.85,15.52,231.052,47.536,226.947,120.983,17.587,181.264,825.369,3.6975,2.6912,0.0,1138.84,478.31,0.80212,0.98711,0.31305,0.26001,0.11,4.635,1.006,4.31,62.02,8.8,10.06,9.7,1.9,1.78,43.4,0.33753,0.27496,0.14658,0.21962,3.46578,1.0,0.015,单独cotton2k,BeerLambert_RUE,0.65,12.0,3.4
2022-07-22,203,92,82,26.7,36.5,16.9,19.6,0.49,2.048,22.78,0.6363,0.3637,1.5,0.0,5.212,60,14.7,1169.8,1095.3,flowering,0.5481,0.933951,1.0,3.45273,28.3559,14.6035,67.55,15.56,230.182,47.351,228.693,122.408,16.136,191.027,835.797,3.6436,2.8125,0.0,1220.7,512.69,0.8,0.98693,0.30673,0.2551,0.11,4.21,1.01,4.34,61.63,8.78,10.03,9.8,1.9,1.84,43.3,0.33206,0.27362,0.14646,0.22856,3.45273,1.0,0.015,单独cotton2k,BeerLambert_RUE,0.65,12.0,3.4
2022-07-23,204,93,83,29.05,39.6,18.5,21.1,0.47,2.4776,22.91,0.6459,0.3541,1.4,0.0,5.53,60,17.05,1186.9,1112.4,flowering,0.5682,0.931979,1.0,3.4413,33.0068,16.9158,68.33,15.6,229.42,47.187,230.639,124.03,14.905,202.49,848.672,3.5883,2.9336,0.0,1317.22,553.23,0.8,0.98672,0.30001,0.24987,0.11,4.485,1.014,4.38,61.26,8.75,10.0,9.8,1.9,1.91,43.3,0.32593,0.27176,0.14615,0.2386,3.4413,1.0,0.015,单独cotton2k,BeerLambert_RUE,0.65,12.0,3.4
2022-07-24,205,94,84,29.8,40.6,19.0,21.6,0.49,2.5021,22.73,0.6402,0.3598,1.4,0.0,5.589,60,17.8,1204.7,1130.2,flowering,0.5892,0.931768,0.9997,3.42988,34.1695,17.3903,69.11,15.64,228.658,47.024,232.585,125.68,13.795,214.398,862.14,3.5315,3.0542,0.0,1417.69,595.43,0.8,0.98648,0.29318,0.24456,0.11,4.551,1.018,4.42,60.9,8.73,9.97,9.8,1.9,1.98,43.3,0.31976,0.26978,0.14578,0.24868,3.42988,1.0,0.015,单独cotton2k,BeerLambert_RUE,0.65,12.0,3.4
2022-07-25,206,95,85,31.4,38.8,24.0,14.8,0.35,3.2177,21.14,0.5636,0.4364,3.2,0.0,7.391,60,15.48,1220.2,1145.7,flowering,0.6074,0.939141,0.8923,3.41157,24.8648,11.1691,69.76,15.67,227.438,46.768,233.798,126.73,12.569,222.216,869.52,3.4737,3.1736,0.0,1483.57,623.1,0.8,0.98633,0.28412,0.23751,0.11,6.04,1.021,4.45,60.46,8.69,9.94,9.9,1.9,2.04,43.2,0.31535,0.26888,0.14575,0.25556,3.41157,1.0,0.015,单独cotton2k,BeerLambert_RUE,0.65,12.0,3.4
2022-07-26,207,96,86,30.45,37.2,23.7,13.5,0.35,3.0141,22.31,0.6259,0.3741,2.5,0.0,6.661,60,17.19,1237.4,1162.9,flowering,0.6276,0.931122,0.9229,3.39628,29.8798,14.4831,70.44,15.71,226.419,46.553,235.326,128.077,11.567,232.383,880.325,3.4147,3.2917,0.0,1569.6,659.23,0.8,0.98613,0.27592,0.23114,0.11,5.465,1.026,4.49,60.07,8.67,9.9,9.9,1.9,2.11,43.2,0.31008,0.26732,0.14549,0.26397,3.39628,1.0,0.015,单独cotton2k,BeerLambert_RUE,0.65,12.0,3.4
2022-07-27,208,97,87,32.05,40.2,23.9,16.3,0.42,3.022,21.49,0.588,0.412,1.3,0.0,5.308,60,14.31,1251.7,1177.2,flowering,0.6445,0.934039,0.9217,3.37659,24.0038,10.3538,70.99,15.73,225.106,46.28,236.385,129.03,10.529,239.788,887.117,3.3548,3.4078,0.0,1632.32,685.57,0.8,0.98599,0.26937,0.22604,0.11,4.369,1.029,4.51,59.63,8.63,9.87,9.9,1.9,2.17,43.2,0.30592,0.26646,0.14545,0.2703,3.37659,1.0,0.015,单独cotton2k,BeerLambert_RUE,0.65,12.0,3.4
2022-07-28,209,98,88,29.45,36.6,22.3,14.3,0.37,2.7821,22.13,0.624,0.376,2.5,0.0,6.453,60,17.45,1269.1,1194.6,flowering,0.665,0.928709,0.9577,3.36144,31.1406,15.4408,71.63,15.76,224.096,46.067,237.914,130.436,9.738,250.834,899.084,3.2936,3.5221,0.0,1726.18,725.0,0.8,0.98576,0.26137,0.21982,0.11,5.333,1.033,4.55,59.26,8.61,9.84,10.0,1.9,2.23,43.2,0.30049,0.26462,0.14508,0.27899,3.36144,1.0,0.015,单独cotton2k,BeerLambert_RUE,0.65,12.0,3.4
2022-07-29,210,99,89,28.5,34.2,22.8,11.4,0.43,2.324,16.57,0.3444,0.6556,3.0,0.0,5.31,60,16.5,1285.6,1211.1,flowering,0.6845,0.957334,1.0,3.34183,23.7311,11.0711,72.2,15.78,222.789,45.794,238.975,131.433,9.547,258.894,907.432,3.2314,3.6339,0.0,1794.8,753.82,0.8,0.9856,0.25476,0.21468,0.11,4.404,1.037,4.58,58.83,8.58,9.8,10.0,1.9,2.3,43.2,0.29598,0.26335,0.14484,0.2853,3.34183,1.0,0.015,单独cotton2k,BeerLambert_RUE,0.65,12.0,3.4
2022-07-30,211,100,90,25.55,31.9,19.2,12.7,0.6,1.3906,16.85,0.3617,0.6383,3.4,0.0,4.496,60,13.55,1299.2,1224.7,flowering,0.7004,0.953946,1.0,3.32034,19.7474,9.2448,72.65,15.8,221.356,45.496,239.83,132.257,9.615,265.732,914.286,3.1686,3.7431,0.0,1853.08,778.29,0.8,0.98546,0.32,0.25947,0.11,3.741,1.04,4.6,58.39,8.54,9.76,10.0,1.9,2.35,43.2,0.29187,0.26231,0.14466,0.29064,3.32034,1.0,0.015,单独cotton2k,BeerLambert_RUE,0.65,12.0,3.4
2022-07-31,212,101,91,22.2,27.6,16.8,10.8,0.72,0.7849,17.03,0.3739,0.6261,5.0,17.7,3.812,60,10.2,1309.4,1234.9,flowering,0.7124,0.950916,1.0,3.29664,14.9763,6.8934,72.98,15.81,219.776,45.169,240.445,132.864,9.602,270.939,918.796,3.1057,3.8494,0.0,1897.49,796.95,0.8,0.98535,0.32,0.29831,0.11,3.179,1.042,4.62,57.93,8.51,9.73,10.0,1.9,2.39,43.1,0.28836,0.2617,0.14461,0.29489,3.29664,1.0,0.015,单独cotton2k,BeerLambert_RUE,0.65,12.0,3.4
2022-08-01,213,102,92,21.7,26.8,16.6,10.2,0.78,0.5954,18.17,0.4358,0.5642,3.2,0.0,3.264,60,9.7,1319.1,1244.6,flowering,0.7239,0.942433,1.0,3.27296,15.06,7.0119,73.28,15.82,218.197,44.843,241.047,133.474,9.582,276.289,923.433,3.0428,3.9528,0.0,1943.13,816.11,0.8,0.98524,0.31591,0.29512,0.11,2.728,1.045,4.63,57.47,8.48,9.69,10.0,1.9,2.43,43.1,0.28485,0.26103,0.14454,0.2992,3.27296,1.0,0.015,单独cotton2k,BeerLambert_RUE,0.65,12.0,3.4
2022-08-02,214,103,93,23.45,30.1,16.8,13.3,0.7,0.9271,19.89,0.5282,0.4718,1.7,0.0,3.768,60,11.45,1330.5,1256.0,flowering,0.7374,0.930723,1.0,3.251,19.218,9.2643,73.62,15.83,216.733,44.539,241.812,134.271,9.607,283.367,930.33,2.9797,4.0533,0.0,2003.47,841.46,0.8,0.9851,0.31117,0.29144,0.11,3.157,1.047,4.65,57.05,8.44,9.65,10.0,1.9,2.48,43.1,0.28084,0.25992,0.14433,0.30459,3.251,1.0,0.015,单独cotton2k,BeerLambert_RUE,0.65,12.0,3.4
2022-08-03,215,104,94,24.75,32.0,17.5,14.5,0.61,1.3172,18.06,0.4372,0.5628,3.7,0.0,4.756,60,12.75,1343.3,1268.8,flowering,0.7524,0.938518,1.0,3.22883,19.5938,9.2327,73.99,15.84,215.255,44.233,242.543,135.055,9.614,290.5,937.2,2.9161,4.1505,0.0,2064.29,867.0,0.8,0.98495,0.30518,0.28678,0.11,3.997,1.05,4.67,56.61,8.41,9.61,10.0,1.9,2.53,43.1,0.27688,0.2588,0.1441,0.30997,3.22883,1.0,0.015,单独cotton2k,BeerLambert_RUE,0.65,12.0,3.4
2022-08-04,216,105,95,24.9,31.2,18.6,12.6,0.58,1.4043,20.3,0.5576,0.4424,1.8,0.0,4.304,60,12.9,1356.2,1281.7,flowering,0.7676,0.923972,1.0,3.20752,21.9377,10.621,74.35,15.85,213.834,43.938,243.349,135.946,9.634,298.763,945.464,2.8521,4.2444,0.0,2134.74,896.59,0.8,0.98477,0.29974,0.28254,0.11,3.627,1.054,4.69,56.2,8.38,9.58,10.0,1.9,2.58,43.1,0.27264,0.25739,0.14379,0.316,3.20752,1.0,0.015,单独cotton2k,BeerLambert_RUE,0.65,12.0,3.4
2022-08-05,217,106,96,24.4,30.6,18.2,12.4,0.71,0.9398,14.2,0.2427,0.7573,1.9,1.1,2.744,60,12.4,1368.6,1294.1,flowering,0.7822,0.955252,1.0,3.16058,15.2502,6.5839,74.68,15.86,210.705,43.293,243.826,136.492,9.548,304.026,947.892,2.7877,4.3349,0.0,2179.68,915.47,0.8,0.98466,0.29654,0.27984,0.11,2.319,1.056,4.71,55.34,8.32,9.51,10.0,1.9,2.63,43.1,0.26796,0.25723,0.144,0.32074,3.16058,1.0,0.015,单独cotton2k,BeerLambert_RUE,0.65,12.0,3.4
2022-08-06,218,107,97,19.5,21.5,17.5,4.0,0.86,0.3195,6.55,0.0,1.0,2.7,3.8,0.621,60,7.5,1376.1,1301.6,flowering,0.791,0.976447,1.0,3.11001,4.3491,0.6832,74.87,15.87,207.334,42.6,243.874,136.548,9.335,304.781,944.473,2.7237,4.4223,0.0,2186.3,918.25,0.8,0.98466,0.30369,0.27923,0.11,0.526,1.058,4.72,54.43,8.25,9.43,10.0,1.9,2.66,43.1,0.26463,0.25821,0.14458,0.3227,3.11001,1.0,0.015,单独cotton2k,BeerLambert_RUE,0.65,12.0,3.4
2022-08-07,219,108,98,23.65,31.6,15.7,15.9,0.74,0.8362,20.88,0.6013,0.3987,2.0,0.0,4.042,60,11.65,1387.7,1313.2,flowering,0.8047,0.909056,1.0,3.06615,20.0491,9.6747,75.16,15.88,204.41,41.997,244.51,137.33,9.295,312.559,950.101,2.6595,4.5061,0.0,2252.69,946.13,0.8,0.98449,0.29854,0.27522,0.11,3.431,1.061,4.73,53.64,8.19,9.36,10.0,1.9,2.7,43.1,0.25935,0.25735,0.14454,0.32897,3.06615,1.0,0.015,单独cotton2k,BeerLambert_RUE,0.65,12.0,3.4
2022-08-08,220,109,99,26.05,32.2,19.9,12.3,0.68,1.1412,16.55,0.3766,0.6234,2.4,0.0,3.697,60,14.05,1401.8,1327.3,flowering,0.8213,0.928322,1.0,3.02207,19.5714,8.8831,75.5,15.89,201.471,41.391,245.064,138.038,9.222,319.795,954.982,2.5946,4.586,0.0,2314.49,972.08,0.8,0.98434,0.29382,0.27155,0.11,3.148,1.064,4.75,52.83,8.13,9.29,10.0,1.9,2.76,43.1,0.25431,0.25662,0.14455,0.33487,3.02207,1.0,0.015,单独cotton2k,BeerLambert_RUE,0.65,12.0,3.4
2022-08-09,221,110,100,25.5,31.7,19.3,12.4,0.64,1.2445,19.89,0.5582,0.4418,2.6,0.0,4.526,60,13.5,1415.3,1340.8,flowering,0.8372,0.905333,1.0,2.9793,22.0407,10.4997,75.81,15.9,198.62,40.803,245.684,138.865,9.159,328.395,961.526,2.5298,4.6618,0.0,2387.92,1002.93,0.8,0.98415,0.28802,0.26704,0.11,3.865,1.067,4.77,52.06,8.07,9.22,10.0,1.9,2.81,43.1,0.249,0.25552,0.14442,0.34154,2.9793,1.0,0.015,单独cotton2k,BeerLambert_RUE,0.65,12.0,3.4
2022-08-10,222,111,101,26.0,30.6,21.4,9.2,0.58,1.4574,14.3,0.2642,0.7358,4.2,0.0,4.488,60,14.0,1429.3,1354.8,flowering,0.8537,0.93136,1.0,2.93483,16.9055,7.2166,76.11,15.91,195.655,40.193,246.104,139.426,9.028,334.424,964.83,2.4665,4.7334,0.0,2439.52,1024.6,0.8,0.98402,0.32,0.3,0.13725,3.844,1.071,4.79,51.25,8.0,9.15,10.0,1.9,2.87,43.1,0.24444,0.25507,0.14451,0.34661,2.93483,1.0,0.015,单独cotton2k,BeerLambert_RUE,0.65,12.0,3.4
2022-08-11,223,112,102,27.55,34.7,20.4,14.3,0.58,1.6647,14.79,0.2941,0.7059,3.1,0.0,4.357,60,15.55,1444.8,1370.3,flowering,0.872,0.923709,1.0,2.89161,19.2611,8.8946,76.44,15.91,192.774,39.599,246.612,140.11,8.014,341.857,968.967,2.4049,4.8002,0.0,2503.08,1051.29,0.85828,0.98386,0.31397,0.29531,0.13457,4.018,1.074,4.8,50.47,7.94,9.08,10.0,1.9,2.93,43.1,0.23982,0.25451,0.1446,0.35281,2.89161,1.0,0.015,单独cotton2k,BeerLambert_RUE,0.65,12.0,3.4
2022-08-12,224,113,103,27.2,31.7,22.7,9.0,0.55,1.6726,14.52,0.2832,0.7168,2.3,0.0,3.686,60,15.2,1460.0,1385.5,flowering,0.8899,0.920223,1.0,2.84838,18.4141,8.3544,76.74,15.92,189.892,39.005,247.082,140.745,7.891,348.882,973.498,2.3447,4.8621,0.0,2563.42,1076.63,0.85255,0.98372,0.30889,0.29136,0.13231,3.388,1.078,4.82,49.69,7.88,9.01,10.0,1.9,2.99,43.1,0.23513,0.25381,0.14458,0.35838,2.84838,1.0,0.015,单独cotton2k,BeerLambert_RUE,0.65,12.0,3.4
2022-08-13,225,114,104,25.5,31.5,19.5,12.0,0.57,1.4811,13.93,0.255,0.745,1.3,0.0,2.68,60,13.5,1473.5,1399.0,flowering,0.9058,0.918352,1.0,2.80473,15.6582,6.9064,76.99,15.93,186.982,38.406,247.463,141.264,7.741,354.768,976.625,2.2861,4.9195,0.0,2614.11,1097.93,0.84772,0.9836,0.30521,0.28849,0.13067,2.457,1.081,4.83,48.91,7.82,8.94,10.0,1.9,3.04,43.1,0.23078,0.25339,0.14464,0.36326,2.80473,1.0,0.015,单独cotton2k,BeerLambert_RUE,0.65,12.0,3.4
2022-08-14,226,115,105,26.1,34.5,17.7,16.8,0.57,1.6113,20.07,0.5931,0.4069,1.3,0.0,4.198,60,14.1,1487.6,1413.1,flowering,0.9224,0.879408,1.0,2.76339,22.5634,11.1983,77.24,15.93,184.226,37.839,248.072,142.094,6.979,364.246,983.456,2.229,4.9747,0.0,2695.4,1132.07,0.84422,0.98338,0.29944,0.28401,0.12811,3.843,1.084,4.85,48.18,7.76,8.87,10.0,1.9,3.1,43.0,0.2258,0.25224,0.14448,0.37037,2.76339,1.0,0.015,单独cotton2k,BeerLambert_RUE,0.65,12.0,3.4
2022-08-15,227,116,106,28.4,34.8,22.0,12.8,0.52,1.9691,16.7,0.4142,0.5858,2.1,0.0,4.316,60,16.4,1504.0,1429.5,flowering,0.9417,0.892709,1.0,2.72179,22.1676,10.2552,77.52,15.94,181.453,37.267,248.619,142.845,6.157,372.992,989.334,2.1732,5.0285,0.0,2770.67,1163.68,0.83874,0.98319,0.29353,0.27941,0.12548,3.94,1.088,4.86,47.43,7.7,8.8,10.0,1.9,3.16,43.0,0.22108,0.2513,0.14439,0.37701,2.72179,1.0,0.015,单独cotton2k,BeerLambert_RUE,0.65,12.0,3.4
2022-08-16,228,117,107,27.05,32.4,21.7,10.7,0.6,1.4919,8.59,0.0,1.0,2.1,0.0,2.184,60,15.05,1519.1,1444.6,flowering,0.9594,0.929068,1.0,2.67766,10.8899,3.3144,77.76,15.94,178.511,36.663,248.793,143.085,5.993,375.952,988.997,2.1189,5.081,0.0,2796.96,1174.72,0.83312,0.98313,0.29055,0.2771,0.12416,1.987,1.092,4.88,46.65,7.64,8.73,10.0,1.9,3.22,43.0,0.21757,0.25156,0.14468,0.38014,2.67766,1.0,0.015,单独cotton2k,BeerLambert_RUE,0.65,12.0,3.4
2022-08-17,229,118,108,23.45,29.2,17.7,11.5,0.79,0.6381,17.33,0.4585,0.5415,2.3,7.9,3.142,60,11.45,1530.5,1456.0,flowering,0.9729,0.878148,1.0,2.63545,15.7986,7.2302,77.94,15.95,175.697,36.084,249.165,143.601,5.838,382.241,992.625,2.0659,5.1322,0.0,2851.61,1197.67,0.83029,0.98299,0.30582,0.27377,0.12226,2.855,1.095,4.89,45.9,7.57,8.66,10.0,1.9,3.27,43.0,0.21335,0.25102,0.14467,0.38508,2.63545,1.0,0.015,单独cotton2k,BeerLambert_RUE,0.65,12.0,3.4
2022-08-18,230,119,109,22.3,27.5,17.1,10.4,0.71,0.8151,19.71,0.5959,0.4041,2.5,0.0,3.753,60,10.3,1540.8,1466.3,flowering,0.9851,0.859431,1.0,2.59365,15.8191,7.4127,78.09,15.95,172.91,35.511,249.539,144.123,5.676,388.725,996.483,2.0143,5.1821,0.0,2907.97,1221.35,0.82622,0.98284,0.30072,0.2698,0.11999,3.401,1.097,4.9,45.17,7.51,8.59,10.0,1.9,3.31,43.0,0.20916,0.25042,0.14463,0.3901,2.59365,1.0,0.015,单独cotton2k,BeerLambert_RUE,0.65,12.0,3.4
2022-08-19,231,120,110,24.4,30.9,17.9,13.0,0.71,0.9451,16.42,0.4179,0.5821,1.7,0.0,3.134,60,12.4,1553.2,1478.7,flowering,0.9997,0.871624,1.0,2.55209,16.0906,7.1212,78.27,15.96,170.139,34.941,249.891,144.618,5.506,395.0,1000.095,1.9639,5.2307,0.0,2962.63,1244.3,0.82137,0.98269,0.29647,0.26649,0.1181,2.831,1.1,4.91,44.43,7.45,8.52,10.0,1.9,3.36,43.0,0.20506,0.24987,0.1446,0.39496,2.55209,1.0,0.015,单独cotton2k,BeerLambert_RUE,0.65,12.0,3.4
2022-08-20,232,121,111,25.35,31.9,18.8,13.1,0.64,1.2417,18.67,0.5495,0.4505,1.6,0.0,3.801,60,13.35,1566.6,1492.1,boll_opening,0.0927,0.853414,1.0,2.51896,19.2856,8.8707,78.45,15.96,167.931,34.486,250.321,145.225,5.491,402.663,1006.116,1.925,5.2777,0.0404,3030.45,1272.79,0.81733,0.9825,0.32,0.3,0.1403,3.23,1.04,4.92,43.85,7.4,8.46,10.0,1.9,4.2,43.0,0.20119,0.2488,0.14434,0.40022,2.51896,1.0,0.015,单独cotton2k,BeerLambert_RUE,0.65,12.0,3.4
2022-08-21,233,122,112,25.4,30.7,20.1,10.6,0.54,1.5569,14.74,0.3332,0.6668,3.2,0.0,4.183,60,13.4,1580.0,1505.5,boll_opening,0.1877,0.869949,1.0,2.48539,15.5791,6.8963,78.62,15.96,165.693,34.026,250.647,145.69,5.46,408.672,1010.188,1.886,5.3007,0.1007,3084.13,1295.33,0.86481,0.98236,0.31469,0.29587,0.13794,3.538,0.978,4.93,43.25,7.35,8.4,10.0,1.9,4.2,43.0,0.19771,0.24812,0.14422,0.40455,2.48539,1.0,0.015,单独cotton2k,BeerLambert_RUE,0.65,12.0,3.4
2022-08-22,234,123,113,23.35,28.3,18.4,9.9,0.56,1.3118,18.51,0.5524,0.4476,2.0,0.0,3.862,60,11.35,1591.3,1516.8,boll_opening,0.2682,0.844247,1.0,2.45209,16.0812,7.625,78.76,15.96,163.473,33.57,251.0,146.195,5.416,415.362,1015.016,1.8471,5.3038,0.1772,3143.52,1320.28,0.85977,0.9822,0.31008,0.29229,0.13589,3.073,0.926,4.93,42.67,7.3,8.35,10.0,1.9,4.2,43.0,0.19413,0.24729,0.14403,0.40922,2.45209,1.0,0.015,单独cotton2k,BeerLambert_RUE,0.65,12.0,3.4
2022-08-23,235,124,114,22.15,26.6,17.7,8.9,0.61,1.074,9.18,0.025,0.975,2.5,0.0,2.071,60,10.15,1601.5,1527.0,boll_opening,0.3402,0.890094,1.0,2.41799,7.5196,2.198,78.88,15.97,161.2,33.103,251.1,146.339,5.361,417.343,1014.445,1.8084,5.2896,0.2676,3162.82,1328.38,0.85538,0.98217,0.30775,0.29047,0.13485,1.557,0.879,4.94,42.07,7.25,8.29,10.0,1.9,4.2,43.0,0.19154,0.24752,0.14426,0.4114,2.41799,1.0,0.015,单独cotton2k,BeerLambert_RUE,0.65,12.0,3.4
2022-08-24,236,125,115,19.1,22.4,15.8,6.6,0.73,0.6081,14.67,0.3439,0.6561,1.4,0.0,2.074,60,7.1,1608.6,1534.1,boll_opening,0.3906,0.854684,1.0,2.38434,8.0713,3.0728,78.96,15.97,158.956,32.642,251.236,146.536,5.298,420.113,1014.781,1.77,5.2636,0.3668,3188.77,1339.28,0.85316,0.98211,0.3055,0.28872,0.13385,1.497,0.846,4.94,41.48,7.2,8.23,10.0,1.9,4.2,43.0,0.18881,0.24758,0.1444,0.41399,2.38434,1.0,0.015,单独cotton2k,BeerLambert_RUE,0.65,12.0,3.4
2022-08-25,237,126,116,22.25,27.1,17.4,9.7,0.67,0.9197,17.34,0.5036,0.4964,1.9,0.0,3.2,60,10.25,1618.8,1544.3,boll_opening,0.4633,0.834638,1.0,2.35124,13.4499,6.0338,79.07,15.97,156.749,32.189,251.496,146.917,5.224,425.532,1018.107,1.7318,5.2208,0.4796,3237.18,1359.61,0.85103,0.98198,0.30224,0.28619,0.1324,2.176,0.799,4.95,40.9,7.15,8.17,10.0,1.9,4.2,43.0,0.18558,0.24702,0.1443,0.41796,2.35124,1.0,0.015,单独cotton2k,BeerLambert_RUE,0.65,12.0,3.4
2022-08-26,238,127,117,21.15,23.7,18.6,5.1,0.76,0.6089,8.28,0.0,1.0,2.0,0.2,1.126,60,9.15,1628.0,1553.5,boll_opening,0.5282,0.877069,1.0,2.318,6.0247,1.381,79.17,15.97,154.533,31.734,251.554,147.003,5.141,426.844,1016.81,1.6938,5.1635,0.6038,3250.62,1365.26,0.84792,0.98196,0.30115,0.28534,0.13192,0.723,0.757,4.96,40.32,7.1,8.11,10.0,1.9,4.2,43.0,0.18319,0.2474,0.14457,0.41979,2.318,1.0,0.015,单独cotton2k,BeerLambert_RUE,0.65,12.0,3.4
2022-08-27,239,128,118,21.5,26.3,16.7,9.6,0.72,0.7452,13.74,0.3052,0.6948,2.1,0.0,2.378,60,9.5,1637.5,1563.0,boll_opening,0.5955,0.84326,1.0,2.28517,9.9797,3.8857,79.27,15.97,152.344,31.284,251.714,147.24,5.05,430.415,1018.047,1.656,5.0915,0.7397,3283.2,1378.94,0.84689,0.98188,0.299,0.28367,0.13097,1.435,0.713,4.96,39.74,7.05,8.05,10.0,1.9,4.2,43.0,0.18037,0.24725,0.14463,0.42278,2.28517,1.0,0.015,单独cotton2k,BeerLambert_RUE,0.65,12.0,3.4
2022-08-28,240,129,119,20.8,25.8,15.8,10.0,0.68,0.8187,15.36,0.4058,0.5942,1.6,20.9,2.538,60,8.8,1646.3,1571.8,boll_opening,0.6579,0.828734,1.0,2.25257,10.1563,4.1095,79.36,15.97,150.172,30.838,251.878,147.487,4.95,434.213,1019.537,1.6185,5.0063,0.886,3317.68,1393.43,0.84485,0.98179,0.32,0.3,0.14521,1.442,0.672,4.97,39.17,7.0,8.0,10.0,1.9,4.2,43.0,0.17754,0.24705,0.14466,0.42589,2.25257,1.0,0.015,单独cotton2k,BeerLambert_RUE,0.65,12.0,3.4
2022-08-29,241,130,120,19.85,26.4,13.3,13.1,0.73,0.6708,15.63,0.4278,0.5722,1.3,0.0,2.366,60,7.85,1654.1,1579.6,boll_opening,0.7136,0.821519,1.0,2.22036,9.1389,3.7345,79.43,15.98,148.024,30.397,252.023,147.709,4.844,437.686,1020.683,1.5812,4.9099,1.0408,3349.37,1406.73,0.87532,0.98172,0.31802,0.29846,0.14433,1.317,0.636,4.97,38.61,6.95,7.94,10.0,1.9,4.2,43.0,0.17481,0.24692,0.14472,0.42882,2.22036,1.0,0.015,单独cotton2k,BeerLambert_RUE,0.65,12.0,3.4
2022-08-30,242,131,121,21.0,28.5,13.5,15.0,0.64,0.979,18.03,0.5773,0.4227,1.9,0.0,3.38,60,9.0,1663.1,1588.6,boll_opening,0.7774,0.802583,1.0,2.18851,11.808,5.3101,79.52,15.98,145.901,29.961,252.223,148.021,4.731,442.597,1023.434,1.5442,4.8006,1.2058,3393.25,1425.16,0.87344,0.98161,0.31539,0.29641,0.14316,1.756,0.595,4.98,38.05,6.9,7.88,10.0,1.9,4.2,43.0,0.17183,0.24645,0.14463,0.43246,2.18851,1.0,0.015,单独cotton2k,BeerLambert_RUE,0.65,12.0,3.4
2022-08-31,243,132,122,21.4,27.0,15.8,11.2,0.6,1.0721,16.13,0.4702,0.5298,1.9,0.0,3.067,60,9.4,1672.5,1598.0,boll_opening,0.8441,0.807142,1.0,2.15702,11.0958,4.7398,79.6,15.98,143.801,29.53,252.396,148.297,4.611,447.008,1025.643,1.5074,4.6806,1.3757,3432.85,1441.8,0.87093,0.98151,0.31318,0.2947,0.14218,1.473,0.551,4.98,37.5,6.85,7.82,10.0,1.9,4.2,43.0,0.169,0.24609,0.14459,0.43583,2.15702,1.0,0.015,单独cotton2k,BeerLambert_RUE,0.65,12.0,3.4
2022-09-01,244,133,123,21.05,29.0,13.1,15.9,0.62,1.0475,18.08,0.595,0.405,1.2,0.0,3.11,60,9.05,1681.6,1607.1,boll_opening,0.9083,0.790555,1.0,2.12588,11.7281,5.2063,79.68,15.98,141.726,29.103,252.58,148.597,4.486,451.856,1028.347,1.4707,4.5635,1.5413,3476.15,1459.98,0.86883,0.98139,0.32,0.3,0.18547,1.377,0.51,4.99,36.96,6.8,7.77,10.0,1.9,4.2,43.0,0.16612,0.24562,0.1445,0.4394,2.12588,1.0,0.015,单独cotton2k,BeerLambert_RUE,0.65,12.0,3.4
2022-09-02,245,134,124,21.15,29.8,12.5,17.3,0.49,1.4392,18.37,0.6202,0.3798,1.9,0.0,3.889,60,9.15,1690.7,1616.2,boll_opening,0.9732,0.783007,1.0,2.0951,11.9328,5.8836,79.76,15.98,139.673,28.682,252.78,148.933,4.355,457.334,1031.757,1.4342,4.4495,1.7028,3524.81,1480.42,0.96143,0.98128,0.31738,0.29796,0.1843,1.748,0.467,4.99,36.42,6.75,7.71,10.0,1.9,4.2,43.0,0.16317,0.245,0.14435,0.44326,2.0951,1.0,0.015,单独cotton2k,BeerLambert_RUE,0.65,12.0,3.4
2022-09-03,246,135,125,21.75,31.0,12.5,18.5,0.57,1.2775,18.57,0.6404,0.3596,1.1,0.0,3.327,60,9.75,1700.5,1626.0,mature,1.0,0.7759,1.0,2.06472,12.7371,6.3253,79.84,15.98,137.648,28.266,252.989,149.29,4.355,463.094,1035.641,1.3984,4.3382,1.8602,3540.93,1487.19,0.95894,0.98117,0.31523,0.29629,0.18335,1.436,0.45,5.0,35.89,6.7,7.65,10.0,1.9,4.2,43.0,0.1602,0.24428,0.14415,0.44716,2.06472,1.0,0.015,单独cotton2k,BeerLambert_RUE,0.65,12.0,3.4
2022-09-04,247,136,126,22.6,32.0,13.2,18.8,0.51,1.5367,18.43,0.6399,0.3601,1.4,0.0,3.682,60,10.6,1711.1,1636.6,mature,1.0,0.770614,1.0,2.03478,13.6495,6.7841,79.92,15.98,135.652,27.856,253.204,149.669,4.355,469.283,1040.02,1.3634,4.2298,2.0137,3558.23,1494.46,0.95689,0.98106,0.31285,0.29444,0.18229,1.585,0.45,5.0,35.36,6.65,7.6,10.0,1.9,4.2,43.0,0.15722,0.24346,0.14391,0.45123,2.03478,1.0,0.015,单独cotton2k,BeerLambert_RUE,0.65,12.0,3.4
2022-09-05,248,137,127,23.05,32.3,13.8,18.5,0.48,1.6676,18.12,0.6289,0.3711,1.4,0.0,3.694,60,11.05,1722.1,1647.6,mature,1.0,0.766229,1.0,2.00528,13.91,6.8421,80.01,15.98,133.685,27.452,253.414,150.047,4.355,475.538,1044.491,1.3293,4.124,2.1633,3575.68,1501.79,0.95463,0.98094,0.31047,0.29259,0.18123,1.587,0.45,5.0,34.85,6.6,7.54,10.0,1.9,4.2,43.0,0.15427,0.24262,0.14366,0.45528,2.00528,1.0,0.015,单独cotton2k,BeerLambert_RUE,0.65,12.0,3.4
2022-09-06,249,138,128,23.1,32.8,13.4,19.4,0.41,1.9209,18.44,0.6573,0.3427,2.3,0.0,4.759,60,11.1,1733.2,1658.7,mature,1.0,0.758357,1.0,1.9762,14.0736,6.9185,80.09,15.98,131.747,27.054,253.617,150.426,4.355,481.874,1049.073,1.2961,4.0209,2.3093,3593.32,1509.2,0.95237,0.98082,0.30741,0.29021,0.17987,2.04,0.45,5.0,34.34,6.55,7.49,10.0,1.9,4.2,43.0,0.15137,0.24175,0.14339,0.45933,1.9762,1.0,0.015,单独cotton2k,BeerLambert_RUE,0.65,12.0,3.4
2022-09-07,250,139,129,23.55,34.0,13.1,20.9,0.47,1.8091,18.4,0.6634,0.3366,1.3,0.0,3.804,60,11.55,1744.8,1670.3,mature,1.0,0.752429,1.0,1.94755,14.4982,7.0844,80.17,15.99,129.836,26.662,253.817,150.809,4.355,488.375,1053.855,1.2637,3.9204,2.4515,3611.39,1516.78,0.94946,0.98069,0.30497,0.28831,0.17879,1.625,0.45,5.0,33.84,6.5,7.43,10.0,1.9,4.2,43.0,0.1485,0.24085,0.1431,0.46342,1.94755,1.0,0.015,单独cotton2k,BeerLambert_RUE,0.65,12.0,3.4
2022-09-08,251,140,130,24.4,34.9,13.9,21.0,0.48,1.8668,18.22,0.6608,0.3392,1.3,0.0,3.844,60,12.4,1757.2,1682.7,mature,1.0,0.747242,1.0,1.91931,15.3066,7.4265,80.25,15.99,127.954,26.275,254.018,151.207,4.355,495.203,1059.012,1.2321,3.8224,2.5902,3630.33,1524.74,0.94714,0.98055,0.30251,0.2864,0.1777,1.638,0.45,5.0,33.35,6.46,7.38,10.0,1.9,4.2,43.0,0.14563,0.23986,0.14278,0.46761,1.91931,1.0,0.015,单独cotton2k,BeerLambert_RUE,0.65,12.0,3.4
2022-09-09,252,141,131,24.35,35.0,13.7,21.3,0.46,1.9414,18.03,0.6575,0.3425,1.4,0.0,3.932,60,12.35,1769.5,1695.0,mature,1.0,0.742084,1.0,1.89148,14.9818,7.1673,80.33,15.99,126.098,25.894,254.204,151.586,4.355,501.806,1063.943,1.2013,3.7268,2.7255,3648.6,1532.41,0.9448,0.98042,0.3,0.28445,0.17658,1.672,0.45,5.0,32.86,6.41,7.32,10.0,1.9,4.2,43.0,0.14286,0.23893,0.14248,0.47165,1.89148,1.0,0.015,单独cotton2k,BeerLambert_RUE,0.65,12.0,3.4
2022-09-10,253,142,132,25.4,35.9,14.9,21.0,0.49,1.9387,17.71,0.6459,0.3541,1.4,0.0,3.923,60,13.4,1782.9,1708.4,mature,1.0,0.737616,1.0,1.86405,15.8709,7.4953,80.41,15.99,124.27,25.519,254.389,151.979,4.355,508.724,1069.234,1.1713,3.6337,2.8573,3667.72,1540.44,0.94242,0.98028,0.29751,0.28251,0.17547,1.664,0.45,5.0,32.38,6.36,7.27,10.0,1.9,4.2,43.0,0.14009,0.23792,0.14214,0.47578,1.86405,1.0,0.015,单独cotton2k,BeerLambert_RUE,0.65,12.0,3.4
2022-09-11,254,143,133,24.8,35.0,14.6,20.4,0.52,1.7483,16.35,0.5663,0.4337,1.4,0.0,3.508,60,12.8,1795.7,1721.2,mature,1.0,0.738842,1.0,1.83702,14.0193,6.2862,80.48,15.99,122.468,25.149,254.537,152.304,4.355,514.536,1073.349,1.142,3.5428,2.9859,3683.75,1547.17,0.94005,0.98016,0.29528,0.28078,0.17448,1.484,0.45,5.0,31.91,6.32,7.22,10.0,1.9,4.2,43.0,0.13753,0.23714,0.1419,0.47937,1.83702,1.0,0.015,单独cotton2k,BeerLambert_RUE,0.65,12.0,3.4
2022-09-12,255,144,134,25.35,35.6,15.1,20.5,0.48,1.9573,16.99,0.6169,0.3831,1.6,0.0,3.95,60,13.35,1809.1,1734.6,mature,1.0,0.729055,1.0,1.81038,14.9928,6.8072,80.56,15.99,120.692,24.784,254.689,152.652,4.355,520.843,1078.015,1.1134,3.4542,3.1113,3701.1,1554.46,0.93793,0.98003,0.29278,0.27883,0.17337,1.667,0.45,5.0,31.45,6.27,7.17,10.0,1.9,4.2,43.0,0.13495,0.23626,0.14161,0.48315,1.81038,1.0,0.015,单独cotton2k,BeerLambert_RUE,0.65,12.0,3.4
2022-09-13,256,145,135,25.45,31.7,19.2,12.5,0.34,2.2769,13.08,0.3669,0.6331,4.3,0.0,5.813,60,13.45,1822.5,1748.0,mature,1.0,0.744275,1.0,1.78413,11.8717,4.5128,80.63,15.99,118.942,24.425,254.784,152.881,4.355,525.032,1080.419,1.0856,3.3679,3.2335,3712.61,1559.3,0.93556,0.97994,0.28911,0.27598,0.17174,2.447,0.45,5.0,30.99,6.22,7.11,10.0,1.9,4.2,43.0,0.1327,0.23582,0.1415,0.48595,1.78413,1.0,0.015,单独cotton2k,BeerLambert_RUE,0.65,12.0,3.4
2022-09-14,257,146,136,22.0,30.0,14.0,16.0,0.49,1.4896,17.14,0.6453,0.3547,1.4,0.0,3.305,60,10.0,1832.5,1758.0,mature,1.0,0.715632,1.0,1.75826,11.1211,4.7965,80.68,15.99,117.218,24.071,254.88,153.121,4.355,529.493,1083.137,1.0585,3.2837,3.3526,3724.84,1564.43,0.93207,0.97985,0.28703,0.27436,0.17082,1.386,0.45,5.0,30.54,6.18,7.06,10.0,1.9,4.2,43.0,0.13044,0.23532,0.14137,0.48885,1.75826,1.0,0.015,单独cotton2k,BeerLambert_RUE,0.65,12.0,3.4
2022-09-15,258,147,137,23.0,30.7,15.3,15.4,0.51,1.508,17.16,0.6562,0.3438,1.1,0.0,3.116,60,11.0,1843.5,1769.0,mature,1.0,0.709195,1.0,1.73277,12.1373,5.2759,80.73,15.99,115.518,23.722,254.986,153.384,4.355,534.399,1086.364,1.032,3.2016,3.4688,3738.3,1570.08,0.93009,0.97975,0.28508,0.27284,0.16995,1.304,0.45,5.0,30.1,6.13,7.01,10.0,1.9,4.2,43.0,0.12817,0.23471,0.14119,0.49192,1.73277,1.0,0.015,单独cotton2k,BeerLambert_RUE,0.65,12.0,3.4
2022-09-16,259,148,138,21.45,27.9,15.0,12.9,0.54,1.2566,15.91,0.5811,0.4189,2.0,0.0,3.267,60,9.45,1853.0,1778.5,mature,1.0,0.709741,1.0,1.70764,9.675,3.8501,80.77,15.99,113.843,23.378,255.063,153.577,4.355,537.98,1088.195,1.0062,3.1216,3.5821,3748.11,1574.21,0.92823,0.97968,0.28303,0.27124,0.16904,1.365,0.45,5.0,29.66,6.09,6.96,10.0,1.9,4.2,43.0,0.1261,0.23439,0.14113,0.49438,1.70764,1.0,0.015,单独cotton2k,BeerLambert_RUE,0.65,12.0,3.4
2022-09-17,260,149,139,22.6,28.9,16.3,12.6,0.44,1.6341,13.54,0.4279,0.5721,2.4,0.0,3.486,60,10.6,1863.6,1789.1,mature,1.0,0.716456,1.0,1.68288,9.3231,3.3379,80.82,15.99,112.192,23.039,255.13,153.744,4.355,541.084,1089.543,0.981,3.0435,3.6926,3756.63,1577.78,0.92628,0.97962,0.28085,0.26955,0.16807,1.453,0.45,5.0,29.23,6.04,6.91,10.0,1.9,4.2,43.0,0.12412,0.23416,0.14111,0.49662,1.68288,1.0,0.015,单独cotton2k,BeerLambert_RUE,0.65,12.0,3.4
2022-09-18,261,150,140,22.05,28.7,15.4,13.3,0.5,1.4216,11.79,0.315,0.685,2.8,0.0,3.227,60,10.05,1873.6,1799.1,mature,1.0,0.719754,1.0,1.65848,7.7323,2.3247,80.86,15.99,110.565,22.705,255.176,153.86,4.355,543.246,1089.907,0.9565,2.9674,3.8002,3762.55,1580.27,0.92421,0.97958,0.27884,0.26798,0.16717,1.342,0.45,5.0,28.8,6.0,6.86,10.0,1.9,4.2,43.0,0.12228,0.23413,0.14117,0.49843,1.65848,1.0,0.015,单独cotton2k,BeerLambert_RUE,0.65,12.0,3.4
2022-09-19,262,151,141,22.45,28.9,16.0,12.9,0.46,1.5662,14.22,0.4916,0.5084,2.0,0.0,3.228,60,10.45,1884.1,1809.6,mature,1.0,0.699978,1.0,1.63443,9.4308,3.4276,80.9,15.99,108.962,22.375,255.245,154.031,4.355,546.434,1091.402,0.9326,2.8932,3.9052,3771.29,1583.94,0.9223,0.97952,0.27683,0.26642,0.16628,1.34,0.45,5.0,28.39,5.96,6.81,10.0,1.9,4.2,43.0,0.12034,0.23387,0.14113,0.50067,1.63443,1.0,0.015,单独cotton2k,BeerLambert_RUE,0.65,12.0,3.4
2022-09-20,263,152,142,22.75,31.1,14.4,16.7,0.44,1.7245,16.1,0.6327,0.3673,1.4,0.0,3.242,60,10.75,1894.8,1820.3,mature,1.0,0.683213,1.0,1.61073,10.7211,4.2554,80.95,15.99,107.382,22.051,255.33,154.244,4.355,550.391,1093.753,0.9093,2.8209,4.0076,3782.15,1588.5,0.92039,0.97943,0.27481,0.26485,0.16539,1.343,0.45,5.0,27.97,5.91,6.76,10.0,1.9,4.2,43.0,0.11834,0.23344,0.14102,0.50321,1.61073,1.0,0.015,单独cotton2k,BeerLambert_RUE,0.65,12.0,3.4
2022-09-21,264,153,143,22.3,31.5,13.1,18.4,0.5,1.5324,14.69,0.5428,0.4572,1.5,0.0,2.976,60,10.3,1905.1,1830.6,mature,1.0,0.684613,1.0,1.58738,9.3919,3.4075,80.99,15.99,105.825,21.731,255.398,154.415,4.355,553.56,1095.284,0.8866,2.7504,4.1074,3790.83,1592.15,0.91847,0.97937,0.27297,0.26342,0.16457,1.23,0.45,5.0,27.57,5.87,6.71,10.0,1.9,4.2,43.0,0.11646,0.23318,0.14098,0.5054,1.58738,1.0,0.015,单独cotton2k,BeerLambert_RUE,0.65,12.0,3.4
2022-09-22,265,154,144,22.9,30.8,15.0,15.8,0.41,1.8134,13.96,0.4999,0.5001,2.2,0.0,3.618,60,10.9,1916.0,1841.5,mature,1.0,0.682256,1.0,1.56436,9.4125,3.2757,81.02,15.99,104.291,21.416,255.463,154.578,4.355,556.607,1096.71,0.8644,2.6816,4.2047,3799.19,1595.66,0.91672,0.97931,0.27073,0.26168,0.16357,1.492,0.45,5.0,27.17,5.83,6.66,10.0,1.9,4.2,43.0,0.11462,0.23294,0.14095,0.50752,1.56436,1.0,0.015,单独cotton2k,BeerLambert_RUE,0.65,12.0,3.4
2022-09-23,266,155,145,23.8,30.3,17.3,13.0,0.34,2.0762,15.1,0.5915,0.4085,2.4,0.0,4.213,60,11.8,1927.8,1853.3,mature,1.0,0.669547,1.0,1.54168,10.8165,4.0311,81.07,16.0,102.779,21.106,255.544,154.78,4.355,560.356,1098.918,0.8428,2.6146,4.2996,3809.47,1599.98,0.91459,0.97923,0.26813,0.25965,0.16241,1.734,0.45,5.0,26.77,5.79,6.61,10.0,1.9,4.2,43.0,0.11273,0.23254,0.14085,0.50992,1.54168,1.0,0.015,单独cotton2k,BeerLambert_RUE,0.65,12.0,3.4
2022-09-24,267,156,146,23.2,30.0,16.4,13.6,0.38,1.8936,15.2,0.609,0.391,2.0,0.0,3.693,60,11.2,1939.0,1864.5,mature,1.0,0.662586,1.0,1.53782,10.2271,3.7457,81.1,16.0,102.522,21.053,255.619,154.967,4.355,563.839,1102.354,0.8217,2.5492,4.3921,3819.02,1603.99,0.91212,0.97915,0.26585,0.25789,0.1614,1.516,0.45,5.0,26.71,5.78,6.6,10.0,1.9,4.2,43.0,0.1121,0.23188,0.14058,0.51149,1.53782,1.0,0.015,单独cotton2k,BeerLambert_RUE,0.65,12.0,3.4
2022-09-25,268,157,147,21.55,28.9,14.2,14.7,0.43,1.5966,13.7,0.5089,0.4911,2.0,0.0,3.167,60,9.55,1948.6,1874.1,mature,1.0,0.66921,1.0,1.41095,7.9384,2.5011,81.13,16.0,94.064,19.316,255.669,155.092,4.355,566.165,1094.661,0.8012,2.4855,4.4823,3825.4,1606.67,0.90996,0.97911,0.26391,0.25637,0.16054,1.297,0.45,5.0,24.5,5.53,6.32,10.0,1.9,4.2,43.0,0.10358,0.23356,0.14168,0.51721,1.41095,1.0,0.015,单独cotton2k,BeerLambert_RUE,0.65,12.0,3.4
2022-09-26,269,158,148,20.85,29.3,12.4,16.9,0.49,1.4065,15.0,0.6151,0.3849,1.5,0.0,2.882,60,8.85,1957.4,1882.9,mature,1.0,0.628058,1.0,1.29455,7.5593,2.3955,81.16,16.0,86.303,17.722,255.717,155.212,4.355,568.393,1087.702,0.7811,2.4234,4.5703,3831.5,1609.23,0.90811,0.97906,0.26214,0.255,0.15975,1.178,0.45,5.0,22.48,5.3,6.06,10.0,1.9,4.2,43.0,0.09564,0.2351,0.1427,0.52256,1.29455,1.0,0.015,单独cotton2k,BeerLambert_RUE,0.65,12.0,3.4
2022-09-27,270,159,149,20.75,30.4,11.1,19.3,0.5,1.4157,15.32,0.6498,0.3502,2.3,0.0,3.611,60,8.75,1966.2,1891.7,mature,1.0,0.592825,1.0,1.18775,7.2051,2.1834,81.19,16.0,79.183,16.26,255.761,155.321,4.355,570.424,1081.304,0.7616,2.3628,4.656,3837.07,1611.57,0.90643,0.97903,0.25993,0.25328,0.15877,1.473,0.45,5.0,20.63,5.08,5.8,10.0,1.9,4.2,43.0,0.08827,0.23653,0.14364,0.52753,1.18775,1.0,0.015,单独cotton2k,BeerLambert_RUE,0.65,12.0,3.4
2022-09-28,271,160,150,20.4,30.5,10.3,20.2,0.46,1.5172,15.23,0.6541,0.3459,1.6,0.0,3.133,60,8.4,1974.6,1900.1,mature,1.0,0.560257,1.0,0.88784,6.4985,1.7734,81.21,16.0,59.189,12.155,255.796,155.41,4.355,572.073,1058.977,0.7426,2.3037,4.7396,3841.59,1613.47,0.90433,0.979,0.25802,0.25179,0.15792,1.275,0.45,5.0,15.42,4.39,5.02,10.0,1.9,4.2,43.0,0.06737,0.24155,0.14675,0.54021,0.88784,1.0,0.015,单独cotton2k,BeerLambert_RUE,0.65,12.0,3.4
2022-09-29,272,161,151,19.3,28.7,9.9,18.8,0.44,1.4438,15.02,0.6493,0.3507,2.0,0.0,3.325,60,7.3,1981.9,1907.4,mature,1.0,0.456927,1.0,0.66366,4.5424,0.6724,81.23,16.0,44.244,9.086,255.809,155.443,4.355,572.698,1041.635,0.724,2.2461,4.8211,3843.31,1614.19,0.90251,0.979,0.25599,0.25022,0.15702,1.35,0.45,5.0,11.52,3.8,4.34,10.0,1.9,4.2,43.0,0.0512,0.24558,0.14923,0.54981,0.66366,1.0,0.015,单独cotton2k,BeerLambert_RUE,0.65,12.0,3.4
2022-09-30,273,162,152,18.65,27.7,9.6,18.1,0.48,1.2766,14.41,0.6135,0.3865,1.3,0.0,2.474,60,6.65,1988.5,1914.0,mature,1.0,0.36664,1.0,0.49609,3.1855,0.0,81.25,16.0,33.072,6.791,255.809,155.443,4.355,572.698,1028.17,0.7059,2.19,4.9006,3843.31,1614.19,0.90058,0.97901,0.25449,0.24905,0.15635,1.003,0.45,5.0,8.61,3.28,3.75,10.0,1.9,4.2,43.0,0.03877,0.2488,0.15118,0.55701,0.49609,1.0,0.015,单独cotton2k,BeerLambert_RUE,0.65,12.0,3.4
2022-10-01,274,163,153,17.95,24.8,11.1,13.7,0.44,1.2465,13.0,0.5145,0.4855,2.4,0.0,2.966,60,5.95,1994.5,1920.0,mature,1.0,0.29169,1.0,0.27161,2.0456,0.0,81.26,16.0,18.107,3.718,255.809,155.443,4.355,572.698,1010.131,0.6883,2.1352,4.9781,3843.31,1614.19,0.89915,0.97903,0.25269,0.24765,0.15555,1.2,0.45,5.0,4.72,2.43,2.77,10.0,1.9,4.2,43.0,0.02161,0.25324,0.15388,0.56695,0.27161,1.0,0.015,单独cotton2k,BeerLambert_RUE,0.65,12.0,3.4
2022-10-02,275,164,154,17.65,20.8,14.5,6.3,0.37,1.294,13.75,0.5838,0.4162,3.0,0.0,3.512,60,5.65,2000.1,1925.6,mature,1.0,0.169922,1.0,0.14871,1.1969,0.0,81.28,16.0,9.914,2.036,255.809,155.443,4.355,572.698,1000.255,0.6711,2.0818,5.0536,3843.31,1614.19,0.89744,0.97905,0.25056,0.24599,0.15461,1.418,0.45,5.0,2.58,1.8,2.05,10.0,1.9,4.2,43.0,0.01195,0.25574,0.1554,0.57255,0.14871,1.0,0.015,单独cotton2k,BeerLambert_RUE,0.65,12.0,3.4
2022-10-03,276,165,155,12.2,18.4,6.0,12.4,0.42,0.885,13.26,0.5558,0.4442,1.8,0.0,2.141,60,0.2,2000.3,1925.8,mature,1.0,0.097046,1.0,0.08118,0.63,0.0,81.28,16.0,5.412,1.111,255.809,155.443,4.355,572.698,994.829,0.6543,2.0298,5.1273,3843.31,1614.19,0.89542,0.97906,0.24927,0.24499,0.15403,0.863,0.45,5.0,1.41,1.33,1.52,10.0,1.9,4.2,43.0,0.00656,0.25714,0.15625,0.57568,0.08118,1.0,0.015,单独cotton2k,BeerLambert_RUE,0.65,12.0,3.4
2022-10-04,277,166,156,15.45,19.8,11.1,8.7,0.48,0.944,9.67,0.2778,0.7222,1.4,0.0,1.3,60,3.45,2003.8,1929.3,mature,1.0,0.055852,1.0,0.04445,0.2644,0.0,81.29,16.0,2.963,0.608,255.809,155.443,4.355,572.698,991.877,0.6379,1.979,5.1991,3843.31,1614.19,0.89419,0.97908,0.24848,0.24438,0.15368,0.523,0.45,5.0,0.77,0.98,1.12,10.0,1.9,4.2,43.0,0.0036,0.2579,0.15672,0.57739,0.04445,1.0,0.015,单独cotton2k,BeerLambert_RUE,0.65,12.0,3.4
2022-10-05,278,167,157,13.65,22.3,5.0,17.3,0.51,0.8734,14.14,0.649,0.351,1.1,0.0,1.883,60,1.65,2005.4,1930.9,mature,1.0,0.029676,1.0,0.02423,0.2054,0.0,81.29,16.0,1.615,0.332,255.809,155.443,4.355,572.698,990.253,0.622,1.9296,5.2691,3843.31,1614.19,0.89344,0.97909,0.24735,0.24349,0.15318,0.757,0.45,5.0,0.42,0.73,0.83,10.0,1.9,4.2,43.0,0.00197,0.25833,0.15697,0.57834,0.02423,1.0,0.015,单独cotton2k,BeerLambert_RUE,0.65,12.0,3.4
2022-10-06,279,168,158,13.15,20.6,5.7,14.9,0.54,0.7688,9.17,0.2528,0.7472,0.9,0.0,0.784,60,1.15,2006.6,1932.1,mature,1.0,0.017025,1.0,0.0108,0.0764,0.0,81.29,16.0,0.72,0.148,255.809,155.443,4.355,572.698,989.173,0.6064,1.8813,5.3374,3843.31,1614.19,0.89236,0.97911,0.24688,0.24313,0.15297,0.315,0.45,5.0,0.19,0.48,0.55,10.0,1.9,4.2,43.0,0.00088,0.25861,0.15714,0.57897,0.0108,1.0,0.015,单独cotton2k,BeerLambert_RUE,0.65,12.0,3.4
2022-10-07,280,169,159,14.25,22.9,5.6,17.3,0.55,0.833,10.92,0.4058,0.5942,2.0,0.0,1.877,60,2.25,2008.8,1934.3,mature,1.0,0.007492,1.0,0.00481,0.0401,0.0,81.3,16.0,0.321,0.066,255.809,155.443,4.355,572.698,988.692,0.5913,1.8343,5.404,3843.31,1614.19,0.89191,0.97913,0.24575,0.24225,0.15247,0.753,0.45,5.0,0.08,0.32,0.37,10.0,1.9,4.2,43.0,0.00039,0.25874,0.15722,0.57925,0.00481,1.0,0.015,单独cotton2k,BeerLambert_RUE,0.65,12.0,3.4
2022-10-08,281,170,160,13.8,22.7,4.9,17.8,0.48,0.9425,8.58,0.2192,0.7808,1.9,0.0,1.672,60,1.8,2010.6,1936.1,mature,1.0,0.003415,1.0,0.00214,0.0143,0.0,81.3,16.0,0.143,0.029,255.809,155.443,4.355,572.698,988.478,0.5765,1.7884,5.4689,3843.31,1614.19,0.89084,0.97914,0.24474,0.24147,0.15202,0.67,0.45,5.0,0.04,0.22,0.25,10.0,1.9,4.2,43.0,0.00017,0.25879,0.15726,0.57937,0.00214,1.0,0.015,单独cotton2k,BeerLambert_RUE,0.65,12.0,3.4
2022-10-09,282,171,161,14.2,24.1,4.3,19.8,0.5,0.9581,13.54,0.6469,0.3531,1.2,0.0,1.952,60,2.2,2012.8,1938.3,mature,1.0,0.00145,1.0,0.00095,0.0096,0.0,81.31,16.0,0.063,0.013,255.809,155.443,4.355,572.698,988.382,0.5621,1.7437,5.5321,3843.31,1614.19,0.88988,0.97916,0.24357,0.24055,0.1515,0.782,0.45,5.0,0.02,0.14,0.16,10.0,1.9,4.2,43.0,8e-05,0.25882,0.15727,0.57943,0.00095,1.0,0.015,单独cotton2k,BeerLambert_RUE,0.65,12.0,3.4
2022-10-10,283,172,162,14.4,23.9,4.9,19.0,0.48,0.9964,13.32,0.6403,0.3597,1.7,0.0,2.298,60,2.4,2015.2,1940.7,mature,1.0,0.000645,1.0,0.00042,0.0042,0.0,81.32,16.0,0.028,0.006,255.809,155.443,4.355,572.698,988.34,0.548,1.7001,5.5938,3843.31,1614.19,0.88877,0.97917,0.24219,0.23948,0.15089,0.919,0.45,5.0,0.01,0.1,0.11,10.0,1.9,4.2,43.0,3e-05,0.25883,0.15728,0.57945,0.00042,1.0,0.015,单独cotton2k,BeerLambert_RUE,0.65,12.0,3.4
2022-10-11,284,173,163,14.95,19.9,10.0,9.9,0.36,1.1366,12.93,0.6187,0.3813,3.4,0.0,3.448,60,2.95,2018.2,1943.7,mature,1.0,0.000288,1.0,0.00019,0.0018,0.0,81.32,16.0,0.013,0.003,255.809,155.443,4.355,572.698,988.321,0.5343,1.6576,5.654,3843.31,1614.19,0.88746,0.97919,0.24012,0.23787,0.14997,1.377,0.45,5.0,0.0,0.06,0.07,10.0,1.9,4.2,43.0,2e-05,0.25883,0.15728,0.57947,0.00019,1.0,0.015,单独cotton2k,BeerLambert_RUE,0.65,12.0,3.4
2022-10-12,285,174,164,11.75,19.8,3.7,16.1,0.44,0.8696,13.25,0.6587,0.3413,2.1,0.0,2.343,60,0.0,2018.2,1943.7,mature,1.0,0.000128,1.0,8e-05,0.0008,0.0,81.32,16.0,0.006,0.001,255.809,155.443,4.355,572.698,988.313,0.521,1.6162,5.7126,3843.31,1614.19,0.88549,0.9792,0.23872,0.23679,0.14935,0.934,0.45,5.0,0.0,0.04,0.05,10.0,1.9,4.2,43.0,1e-05,0.25883,0.15728,0.57947,8e-05,1.0,0.015,单独cotton2k,BeerLambert_RUE,0.65,12.0,3.4
2022-10-13,286,175,165,11.65,20.4,2.9,17.5,0.46,0.8503,13.14,0.6615,0.3385,1.8,0.0,2.131,60,0.0,2018.2,1943.7,mature,1.0,5.7e-05,1.0,4e-05,0.0004,0.0,81.32,16.0,0.002,0.001,255.809,155.443,4.355,572.698,988.309,0.5079,1.5758,5.7698,3843.31,1614.19,0.88416,0.97922,0.23745,0.2358,0.14878,0.848,0.45,5.0,0.0,0.03,0.03,10.0,1.9,4.2,43.0,0.0,0.25884,0.15728,0.57947,4e-05,1.0,0.015,单独cotton2k,BeerLambert_RUE,0.65,12.0,3.4
2022-10-14,287,176,166,13.0,22.0,4.0,18.0,0.44,0.968,13.04,0.6652,0.3348,1.9,0.0,2.339,60,1.0,2019.2,1944.7,mature,1.0,2.5e-05,1.0,2e-05,0.0002,0.0,81.33,16.0,0.001,0.0,255.809,155.443,4.355,572.698,988.307,0.4952,1.5364,5.8256,3843.31,1614.19,0.88295,0.97924,0.23606,0.23471,0.14816,0.929,0.45,5.0,0.0,0.02,0.02,10.0,1.9,4.2,43.0,0.0,0.25884,0.15728,0.57947,2e-05,1.0,0.015,单独cotton2k,BeerLambert_RUE,0.65,12.0,3.4
2022-10-15,288,177,167,12.35,22.5,2.2,20.3,0.48,0.8948,12.79,0.6553,0.3447,1.6,0.0,2.037,60,0.35,2019.5,1945.0,mature,1.0,1.1e-05,1.0,1e-05,0.0001,0.0,81.33,16.0,0.0,0.0,255.809,155.443,4.355,572.698,988.306,0.4829,1.498,5.8799,3843.31,1614.19,0.88163,0.97925,0.23485,0.23377,0.14762,0.808,0.45,5.0,0.0,0.01,0.01,10.0,1.9,4.2,43.0,0.0,0.25884,0.15728,0.57947,1e-05,1.0,0.015,单独cotton2k,BeerLambert_RUE,0.65,12.0,3.4
2022-10-16,289,178,168,13.2,23.1,3.3,19.8,0.48,0.9361,12.56,0.647,0.353,1.8,0.0,2.18,60,1.2,2020.7,1946.2,mature,1.0,5e-06,1.0,0.0,0.0,0.0,81.33,16.0,0.0,0.0,255.809,155.443,4.355,572.698,988.306,0.4708,1.4605,5.9329,3843.31,1614.19,0.88048,0.97927,0.23355,0.23276,0.14705,0.864,0.45,5.0,0.0,0.01,0.01,10.0,1.9,4.2,43.0,0.0,0.25884,0.15728,0.57947,0.0,1.0,0.015,单独cotton2k,BeerLambert_RUE,0.65,12.0,3.4
2022-10-17,290,179,169,12.75,23.4,2.1,21.3,0.49,0.9152,12.45,0.6494,0.3506,1.0,0.0,1.575,60,0.75,2021.5,1947.0,mature,1.0,2e-06,1.0,0.0,0.0,0.0,81.33,16.0,0.0,0.0,255.809,155.443,4.355,572.698,988.306,0.459,1.424,5.9846,3843.31,1614.19,0.87925,0.97928,0.23262,0.23204,0.14663,0.623,0.45,5.0,0.0,0.01,0.01,10.0,1.9,4.2,43.0,0.0,0.25884,0.15728,0.57947,0.0,1.0,0.015,单独cotton2k,BeerLambert_RUE,0.65,12.0,3.4
2022-10-18,291,180,170,12.8,23.1,2.5,20.6,0.48,0.925,12.16,0.635,0.365,1.5,0.0,1.903,60,0.8,2022.3,1947.8,mature,1.0,1e-06,1.0,0.0,0.0,0.0,81.33,16.0,0.0,0.0,255.809,155.443,4.355,572.698,988.306,0.4475,1.3884,6.035,3843.31,1614.19,0.87836,0.9793,0.23149,0.23116,0.14613,0.752,0.45,5.0,0.0,0.0,0.0,10.0,1.9,4.2,43.0,0.0,0.25884,0.15728,0.57947,0.0,1.0,0.015,单独cotton2k,BeerLambert_RUE,0.65,12.0,3.4
2022-10-19,292,181,171,12.25,21.3,3.2,18.1,0.48,0.8585,9.27,0.3748,0.6252,1.4,0.0,1.264,60,0.25,2022.5,1948.0,mature,1.0,0.0,1.0,0.0,0.0,0.0,81.33,16.0,0.0,0.0,255.809,155.443,4.355,572.698,988.306,0.4364,1.3537,6.0841,3843.31,1614.19,0.87728,0.97931,0.23074,0.23058,0.1458,0.499,0.45,5.0,0.0,0.0,0.0,10.0,1.9,4.2,43.0,0.0,0.25884,0.15728,0.57947,0.0,1.0,0.015,单独cotton2k,BeerLambert_RUE,0.65,12.0,3.4
2022-10-20,293,182,172,13.25,20.3,6.2,14.1,0.34,1.099,8.24,0.2862,0.7138,1.6,0.0,1.724,60,1.25,2023.8,1949.3,mature,1.0,0.0,1.0,0.0,0.0,0.0,81.34,16.0,0.0,0.0,255.809,155.443,4.355,572.698,988.306,0.4254,1.3199,6.132,3843.31,1614.19,0.87657,0.97933,0.22972,0.22978,0.14534,0.68,0.45,5.0,0.0,0.0,0.0,10.0,1.9,4.2,43.0,0.0,0.25884,0.15728,0.57947,0.0,1.0,0.015,单独cotton2k,BeerLambert_RUE,0.65,12.0,3.4
2022-10-21,294,183,173,10.85,18.8,2.9,15.9,0.54,0.6722,11.79,0.6374,0.3626,0.8,0.0,1.098,60,0.0,2023.8,1949.3,mature,1.0,0.0,1.0,0.0,0.0,0.0,81.34,16.0,0.0,0.0,255.809,155.443,4.355,572.698,988.306,0.4148,1.2869,6.1787,3843.31,1614.19,0.8756,0.97934,0.22907,0.22928,0.14506,0.432,0.45,5.0,0.0,0.0,0.0,10.0,1.9,4.2,43.0,0.0,0.25884,0.15728,0.57947,0.0,1.0,0.015,单独cotton2k,BeerLambert_RUE,0.65,12.0,3.4
2022-10-22,295,184,174,11.65,19.8,3.5,16.3,0.5,0.7736,11.75,0.6462,0.3538,1.5,0.0,1.625,60,0.0,2023.8,1949.3,mature,1.0,0.0,1.0,0.0,0.0,0.0,81.34,16.0,0.0,0.0,255.809,155.443,4.355,572.698,988.306,0.4044,1.2547,6.2243,3843.31,1614.19,0.87499,0.97936,0.22811,0.22853,0.14463,0.64,0.45,5.0,0.0,0.0,0.0,10.0,1.9,4.2,43.0,0.0,0.25884,0.15728,0.57947,0.0,1.0,0.015,单独cotton2k,BeerLambert_RUE,0.65,12.0,3.4
2022-10-23,296,185,175,10.95,19.9,2.0,17.9,0.56,0.6665,11.57,0.6412,0.3588,0.8,0.0,1.083,60,0.0,2023.8,1949.3,mature,1.0,0.0,1.0,0.0,0.0,0.0,81.34,16.0,0.0,0.0,255.809,155.443,4.355,572.698,988.306,0.3943,1.2233,6.2686,3843.31,1614.19,0.87407,0.97938,0.22747,0.22803,0.14435,0.426,0.45,5.0,0.0,0.0,0.0,10.0,1.9,4.2,43.0,0.0,0.25884,0.15728,0.57947,0.0,1.0,0.015,单独cotton2k,BeerLambert_RUE,0.65,12.0,3.4
2022-10-24,297,186,176,11.6,19.8,3.4,16.4,0.52,0.7414,11.0,0.597,0.403,1.2,0.0,1.284,60,0.0,2023.8,1949.3,mature,1.0,0.0,1.0,0.0,0.0,0.0,81.34,16.0,0.0,0.0,255.809,155.443,4.355,572.698,988.306,0.3845,1.1927,6.3119,3843.31,1614.19,0.87347,0.97939,0.22672,0.22745,0.14401,0.505,0.45,5.0,0.0,0.0,0.0,10.0,1.9,4.2,43.0,0.0,0.25884,0.15728,0.57947,0.0,1.0,0.015,单独cotton2k,BeerLambert_RUE,0.65,12.0,3.4
2022-10-25,298,187,177,11.2,18.9,3.5,15.4,0.5,0.7422,9.32,0.4398,0.5602,1.1,0.0,0.931,60,0.0,2023.8,1949.3,mature,1.0,0.0,1.0,0.0,0.0,0.0,81.34,16.0,0.0,0.0,255.809,155.443,4.355,572.698,988.306,0.3749,1.1629,6.3541,3843.31,1614.19,0.87275,0.97941,0.22617,0.22702,0.14377,0.365,0.45,5.0,0.0,0.0,0.0,10.0,1.9,4.2,43.0,0.0,0.25884,0.15728,0.57947,0.0,1.0,0.015,单独cotton2k,BeerLambert_RUE,0.65,12.0,3.4
