date,T_mean,GDD_daily,GDD_cumsum,GDD_after_emerge,light_interception,leaf_area_index,lint_yield,seed_cotton_yield,plant_height,main_stem_nodes,leaf_weight,petiole_weight,stem_weight,root_weight,square_weight,boll_weight,plant_weight,number_of_squares,number_of_green_bolls,number_of_open_bolls,swc0-10,swc0-20,swc0-27,internode_length,single_leaf_area,leaf_length,leaf_width,fruit_branch_number,vegetative_branch_number,boll_diameter,leaf_angle,groimp_day,coupling_source,leaf_area_index_raw,leaf_vis_factor,c2k_sla_m2g,c2k_leaf_area_m2,c2k_sla_target,c2k_ks,c2k_kn,c2k_yield_frozen,c2k_source_sink,c2k_dvs,c2k_shed_fraction_diag,c2k_shed_factor,c2k_net_photo,c2k_gross_photo,c2k_dev_stage,c2k_dev_progress,repro_frozen,bridge_active,bridge_alpha,bridge_bl_gross,leaf_floor_active,leaf_floor_added,net_floor_active,net_floor_added,topping_applied,topping_loss_lf,is_topping_day,doy
2025-04-10,19.85,7.85,7.9,0.0,0.0,0.0,0.0,0.0,0.0,0.0,0.0,0.0,0.0,0.0,0.0,0.0,0.0,0.0,0.0,0.0,0.32,0.31,0.29,0.0,0.0,0.0,0.0,0.0,0.0,0.0,55.0,-1,pre_emerge,,,,,,,,,,,,,,,,,,,,,,,,,,,,
2025-04-11,20.0,8.0,15.9,0.0,0.0,0.0,0.0,0.0,0.0,0.0,0.0,0.0,0.0,0.0,0.0,0.0,0.0,0.0,0.0,0.0,0.32,0.32,0.32,0.0,0.0,0.0,0.0,0.0,0.0,0.0,55.0,-1,pre_emerge,,,,,,,,,,,,,,,,,,,,,,,,,,,,
2025-04-12,16.95,4.95,20.8,0.0,0.0,0.0,0.0,0.0,0.0,0.0,0.0,0.0,0.0,0.0,0.0,0.0,0.0,0.0,0.0,0.0,0.32,0.32,0.32,0.0,0.0,0.0,0.0,0.0,0.0,0.0,55.0,-1,pre_emerge,,,,,,,,,,,,,,,,,,,,,,,,,,,,
2025-04-13,18.0,6.0,26.8,0.0,0.0,0.0,0.0,0.0,0.0,0.0,0.0,0.0,0.0,0.0,0.0,0.0,0.0,0.0,0.0,0.0,0.32,0.32,0.32,0.0,0.0,0.0,0.0,0.0,0.0,0.0,55.0,-1,pre_emerge,,,,,,,,,,,,,,,,,,,,,,,,,,,,
2025-04-14,18.9,6.9,33.7,0.0,0.0,0.0,0.0,0.0,0.0,0.0,0.0,0.0,0.0,0.0,0.0,0.0,0.0,0.0,0.0,0.0,0.32,0.32,0.32,0.0,0.0,0.0,0.0,0.0,0.0,0.0,55.0,-1,pre_emerge,,,,,,,,,,,,,,,,,,,,,,,,,,,,
2025-04-15,15.65,3.65,37.4,0.0,0.0,0.0,0.0,0.0,0.0,0.0,0.0,0.0,0.0,0.0,0.0,0.0,0.0,0.0,0.0,0.0,0.32,0.32,0.32,0.0,0.0,0.0,0.0,0.0,0.0,0.0,55.0,-1,pre_emerge,,,,,,,,,,,,,,,,,,,,,,,,,,,,
2025-04-16,17.05,5.05,42.4,0.0,0.0,0.0,0.0,0.0,0.0,0.0,0.0,0.0,0.0,0.0,0.0,0.0,0.0,0.0,0.0,0.0,0.32,0.32,0.32,0.0,0.0,0.0,0.0,0.0,0.0,0.0,55.0,-1,pre_emerge,,,,,,,,,,,,,,,,,,,,,,,,,,,,
2025-04-17,18.35,6.35,48.8,0.0,0.0,0.0,0.0,0.0,0.0,0.0,0.0,0.0,0.0,0.0,0.0,0.0,0.0,0.0,0.0,0.0,0.32,0.32,0.32,0.0,0.0,0.0,0.0,0.0,0.0,0.0,55.0,-1,pre_emerge,,,,,,,,,,,,,,,,,,,,,,,,,,,,
2025-04-18,17.25,5.25,54.0,0.0,0.0,0.0,0.0,0.0,0.0,0.0,0.0,0.0,0.0,0.0,0.0,0.0,0.0,0.0,0.0,0.0,0.32,0.32,0.32,0.0,0.0,0.0,0.0,0.0,0.0,0.0,55.0,-1,pre_emerge,,,,,,,,,,,,,,,,,,,,,,,,,,,,
2025-04-19,16.25,4.25,58.2,0.0,0.0,0.0,0.0,0.0,0.0,0.0,0.0,0.0,0.0,0.0,0.0,0.0,0.0,0.0,0.0,0.0,0.32,0.32,0.32,0.0,0.0,0.0,0.0,0.0,0.0,0.0,55.0,-1,pre_emerge,,,,,,,,,,,,,,,,,,,,,,,,,,,,
2025-04-20,16.6,4.6,62.9,0.0,0.0,0.0,0.0,0.0,0.0,0.0,0.0,0.0,0.0,0.0,0.0,0.0,0.0,0.0,0.0,0.0,0.32,0.32,0.32,0.0,0.0,0.0,0.0,0.0,0.0,0.0,55.0,-1,pre_emerge,,,,,,,,,,,,,,,,,,,,,,,,,,,,
2025-04-21,19.9,7.9,70.8,0.0,0.0,0.0,0.0,0.0,0.0,0.0,0.0,0.0,0.0,0.0,0.0,0.0,0.0,0.0,0.0,0.0,0.32,0.32,0.32,0.0,0.0,0.0,0.0,0.0,0.0,0.0,55.0,-1,pre_emerge,,,,,,,,,,,,,,,,,,,,,,,,,,,,
2025-04-22,20.75,8.75,79.5,0.0,0.0,0.0,0.0,0.0,0.0,0.0,0.0,0.0,0.0,0.0,0.0,0.0,0.0,0.0,0.0,0.0,0.32,0.32,0.32,0.0,0.0,0.0,0.0,0.0,0.0,0.0,55.0,-1,pre_emerge,,,,,,,,,,,,,,,,,,,,,,,,,,,,
2025-04-23,22.9,10.9,90.4,0.0,0.0,0.0,0.0,0.0,0.0,0.0,0.0,0.0,0.0,0.0,0.0,0.0,0.0,0.0,0.0,0.0,0.32,0.32,0.32,0.0,0.0,0.0,0.0,0.0,0.0,0.0,55.0,-1,pre_emerge,,,,,,,,,,,,,,,,,,,,,,,,,,,,
2025-04-24,24.0,12.0,102.4,0.0,0.0,0.0,0.0,0.0,0.0,0.0,0.0,0.0,0.0,0.0,0.0,0.0,0.0,0.0,0.0,0.0,0.32,0.32,0.32,0.0,0.0,0.0,0.0,0.0,0.0,0.0,55.0,-1,pre_emerge,,,,,,,,,,,,,,,,,,,,,,,,,,,,
2025-04-25,24.5,12.5,114.9,0.0,0.0,0.0,0.0,0.0,0.0,0.0,0.0,0.0,0.0,0.0,0.0,0.0,0.0,0.0,0.0,0.0,0.32,0.32,0.32,0.0,0.0,0.0,0.0,0.0,0.0,0.0,55.0,-1,pre_emerge,,,,,,,,,,,,,,,,,,,,,,,,,,,,
2025-04-26,25.75,13.75,128.7,0.0,0.0,0.0,0.0,0.0,0.0,0.0,0.0,0.0,0.0,0.0,0.0,0.0,0.0,0.0,0.0,0.0,0.32,0.32,0.32,0.0,0.0,0.0,0.0,0.0,0.0,0.0,55.0,-1,pre_emerge,,,,,,,,,,,,,,,,,,,,,,,,,,,,
2025-04-27,23.8,11.8,140.4,0.0,0.0,0.0,0.0,0.0,0.0,0.0,0.0,0.0,0.0,0.0,0.0,0.0,0.0,0.0,0.0,0.0,0.32,0.32,0.32,0.0,0.0,0.0,0.0,0.0,0.0,0.0,55.0,-1,pre_emerge,,,,,,,,,,,,,,,,,,,,,,,,,,,,
2025-04-28,22.1,10.1,150.5,0.0,0.0,0.0,0.0,0.0,0.0,0.0,0.0,0.0,0.0,0.0,0.0,0.0,0.0,0.0,0.0,0.0,0.32,0.32,0.32,0.0,0.0,0.0,0.0,0.0,0.0,0.0,55.0,-1,pre_emerge,,,,,,,,,,,,,,,,,,,,,,,,,,,,
2025-04-29,25.4,13.4,163.9,0.0,0.0,0.0,0.0,0.0,0.0,0.0,0.0,0.0,0.0,0.0,0.0,0.0,0.0,0.0,0.0,0.0,0.32,0.32,0.32,0.0,0.0,0.0,0.0,0.0,0.0,0.0,55.0,-1,pre_emerge,,,,,,,,,,,,,,,,,,,,,,,,,,,,
2025-04-30,22.7,10.7,174.6,0.0,0.0,0.0,0.0,0.0,0.0,0.0,0.0,0.0,0.0,0.0,0.0,0.0,0.0,0.0,0.0,0.0,0.32,0.32,0.32,0.0,0.0,0.0,0.0,0.0,0.0,0.0,55.0,-1,pre_emerge,,,,,,,,,,,,,,,,,,,,,,,,,,,,
2025-05-01,21.9,9.9,184.5,0.0,0.0,0.0,0.0,0.0,0.0,0.0,0.0,0.0,0.0,0.0,0.0,0.0,0.0,0.0,0.0,0.0,0.32,0.32,0.32,0.0,0.0,0.0,0.0,0.0,0.0,0.0,55.0,-1,pre_emerge,,,,,,,,,,,,,,,,,,,,,,,,,,,,
2025-05-02,22.7,10.7,195.2,80.4,0.048818,0.00385,0.0,0.0,14.5,1.19,3.85,0.67,1.02,1.62,0.0,0.0,7.16,0.0,0.0,0.0,0.319828,0.319914,0.319966,5.0,13.43,4.1,4.68,0.0,0.0,0.0,54.1,7,GroIMP_3D+bridge(α=1.00),0.077,0.05,0.020016,0.000193,0.022,1.0,1.0,True,1.5245,0.1275,0.0,0.0,0.7606,0.9978,seedling,0.2329,False,True,1.0,1.1087,False,0.0,False,0.0,False,0.0,False,122.0
2025-05-03,22.75,10.75,206.0,91.1,0.053526,0.055011,0.0,0.0,15.05,1.27,5.82,1.06,2.3,2.3,0.0,0.0,11.49,0.0,0.0,0.0,0.319636,0.319818,0.319927,5.0,19.15,4.89,5.59,0.0,0.0,0.0,54.0,8,standalone_RUE,0.084633,0.65,0.014535,0.002751,0.022,0.9996,1.0,True,1.5285,0.1446,0.0,0.0,4.3317,5.5786,seedling,0.2641,False,True,1.0,1.1087,False,0.0,False,0.0,False,0.0,False,123.0
2025-05-04,23.45,11.45,217.4,102.6,0.079894,0.083266,0.0,0.0,15.66,1.35,7.92,1.48,3.66,3.03,0.0,0.0,16.1,0.0,0.0,0.0,0.319342,0.319671,0.319868,5.0,24.46,5.53,6.32,0.0,0.0,0.0,54.0,9,standalone_RUE,0.128101,0.65,0.016167,0.004163,0.022,0.9992,1.0,False,1.518,0.1628,0.0,0.0,4.6054,5.9456,seedling,0.2972,False,True,1.0,1.1087,False,0.0,False,0.0,False,0.0,False,124.0
2025-05-05,24.0,12.0,229.4,114.6,0.107123,0.113306,0.0,0.0,16.31,1.44,10.3,1.96,5.19,3.85,0.0,0.0,21.3,0.0,0.0,0.0,0.32,0.32,0.32,5.0,29.77,6.1,6.97,0.0,0.0,0.0,53.9,10,standalone_RUE,0.174317,0.65,0.016931,0.005665,0.022,0.9985,1.0,False,1.5075,0.1818,0.0,0.0,5.2011,6.7273,seedling,0.332,False,True,1.0,1.1087,False,0.0,False,0.0,False,0.0,False,125.0
2025-05-06,23.5,11.5,240.9,126.1,0.136906,0.147232,0.0,0.0,16.96,1.53,12.21,2.34,6.43,4.52,0.0,0.0,25.51,0.0,0.0,0.0,0.319464,0.319732,0.319893,5.0,33.17,6.44,7.36,0.0,0.0,0.0,53.8,11,GroIMP_3D+bridge(α=0.89),0.226511,0.65,0.018544,0.007362,0.022,1.0,1.0,True,1.4954,0.2001,0.0,0.0,4.2064,5.4678,seedling,0.3654,False,True,0.8857,6.8592,False,0.0,False,0.0,False,0.0,False,126.0
2025-05-07,20.95,8.95,249.9,135.0,0.160265,0.174669,0.0,0.0,17.48,1.61,14.05,2.71,7.62,5.15,0.0,0.0,29.53,0.0,0.0,0.0,0.318822,0.319411,0.319764,5.0,36.36,6.74,7.7,0.0,0.0,0.0,53.8,12,GroIMP_3D+bridge(α=0.86),0.268722,0.65,0.019123,0.008733,0.022,0.9988,1.0,True,1.4881,0.2143,0.0,0.0,4.0294,5.2408,seedling,0.3913,False,True,0.8571,6.7937,False,0.0,False,0.0,False,0.0,False,127.0
2025-05-08,23.7,11.7,261.6,146.7,0.182049,0.200952,0.0,0.0,18.17,1.71,16.21,3.14,9.01,5.9,0.0,0.0,34.26,0.0,0.0,0.0,0.318072,0.319036,0.319614,5.0,39.38,7.02,8.02,0.0,0.0,0.0,53.7,13,GroIMP_3D+bridge(α=0.83),0.309158,0.65,0.019074,0.010048,0.022,0.9973,1.0,True,1.4774,0.2329,0.0,0.0,4.7268,6.1647,seedling,0.4252,False,True,0.8286,8.2668,False,0.0,False,0.0,False,0.0,False,128.0
2025-05-09,24.5,12.5,274.1,159.2,0.206883,0.231785,0.0,0.0,18.94,1.83,18.51,3.6,10.5,6.7,0.0,0.0,39.31,0.0,0.0,0.0,0.317194,0.318597,0.319439,5.0,42.07,7.25,8.29,0.0,0.0,0.0,53.6,14,GroIMP_3D+bridge(α=0.80),0.356592,0.65,0.019263,0.011589,0.022,0.9957,1.0,True,1.4662,0.2527,0.0,0.0,5.0493,6.6014,seedling,0.4614,False,True,0.8,9.1686,False,0.0,False,0.0,False,0.0,False,129.0
2025-05-10,25.1,13.1,287.2,172.3,0.232579,0.26472,0.0,0.0,19.76,1.96,20.95,4.09,12.08,7.54,0.0,0.0,44.66,0.0,0.0,0.0,0.316176,0.318088,0.319235,5.0,44.43,7.45,8.52,0.0,0.0,0.0,53.5,15,GroIMP_3D+bridge(α=0.77),0.407262,0.65,0.019439,0.013236,0.022,0.9937,1.0,True,1.4546,0.2735,0.0,0.0,5.3466,7.0074,seedling,0.4994,False,True,0.7714,10.093,False,0.0,False,0.0,False,0.0,False,130.0
2025-05-11,26.05,14.05,301.2,186.3,0.258882,0.299595,0.0,0.0,20.68,2.11,23.56,4.61,13.76,8.44,0.0,0.0,50.38,0.0,0.0,0.0,0.315005,0.317503,0.319001,5.0,46.43,7.62,8.71,0.0,0.0,0.0,53.4,16,GroIMP_3D+bridge(α=0.74),0.460916,0.65,0.019561,0.01498,0.022,0.9914,1.0,True,1.4421,0.2958,0.0,0.0,5.7264,7.5265,seedling,0.5401,False,True,0.7429,11.2576,False,0.0,False,0.0,False,0.0,False,131.0
2025-05-12,27.35,15.35,316.6,201.7,0.286054,0.336948,0.0,0.0,21.7,2.29,26.43,5.19,15.61,9.44,0.0,0.0,56.66,0.0,0.0,0.0,0.313666,0.316833,0.318733,5.0,48.09,7.75,8.86,0.0,0.0,0.0,53.3,17,GroIMP_3D+bridge(α=0.71),0.518381,0.65,0.019616,0.016847,0.022,0.9888,1.0,True,1.4284,0.3202,0.0,0.0,6.2778,8.2765,seedling,0.5846,False,True,0.7143,12.7331,True,0.091,False,0.0,False,0.0,False,132.0
2025-05-13,26.4,14.4,331.0,216.1,0.314699,0.377897,0.0,0.0,22.7,2.46,29.12,5.72,17.37,10.37,0.0,0.0,62.58,0.0,0.0,0.0,0.312139,0.316069,0.318428,5.0,49.23,7.84,8.97,0.0,0.0,0.0,53.2,18,GroIMP_3D+bridge(α=0.69),0.581379,0.65,0.019966,0.018895,0.022,0.9857,1.0,True,1.4155,0.343,0.0,0.0,5.9228,7.8331,seedling,0.6264,False,True,0.6857,12.0509,True,0.396,False,0.0,False,0.0,False,133.0
2025-05-14,23.3,11.3,342.3,227.4,0.339336,0.41451,0.0,0.0,23.5,2.61,31.7,6.24,19.06,11.28,0.0,0.0,68.28,0.0,0.0,0.0,0.310443,0.315221,0.318089,5.0,50.62,7.95,9.09,0.0,0.0,0.0,53.0,19,GroIMP_3D+bridge(α=0.66),0.637708,0.65,0.020118,0.020726,0.0219,0.9823,1.0,True,1.4083,0.361,0.0,0.0,5.6918,7.5106,seedling,0.6591,False,True,0.6571,11.5548,True,0.6768,False,0.0,False,0.0,False,134.0
2025-05-15,22.4,10.4,352.7,237.8,0.361839,0.449164,0.0,0.0,24.25,2.75,34.18,6.74,20.7,12.15,0.0,0.0,73.76,0.0,0.0,0.0,0.308585,0.314292,0.317717,5.0,51.82,8.05,9.2,0.0,0.0,0.0,52.9,20,GroIMP_3D+bridge(α=0.63),0.691022,0.65,0.02022,0.022458,0.0218,0.9785,1.0,True,1.3992,0.3775,0.0,0.0,5.4845,7.2498,seedling,0.6893,False,True,0.6286,11.1536,True,0.9401,False,0.0,False,0.0,False,135.0
2025-05-16,24.55,12.55,365.2,250.4,0.382478,0.482041,0.0,0.0,25.18,2.92,37.12,7.32,22.67,13.19,0.0,0.0,80.31,0.0,0.0,0.0,0.306563,0.313282,0.317313,5.0,52.91,8.13,9.29,0.0,0.0,0.0,52.8,21,GroIMP_3D+bridge(α=0.60),0.741601,0.65,0.019976,0.024102,0.0217,0.9743,1.0,True,1.3888,0.3974,0.0,0.0,6.5525,8.6744,seedling,0.7257,False,True,0.6,13.3452,True,1.468,False,0.0,False,0.0,False,136.0
2025-05-17,25.55,13.55,378.8,263.9,0.406209,0.521228,0.0,0.0,26.2,3.12,40.36,7.97,24.85,14.34,0.0,0.0,87.53,0.0,0.0,0.0,0.304346,0.312173,0.316869,5.0,53.85,8.2,9.38,0.0,0.0,0.0,52.7,22,GroIMP_3D+bridge(α=0.57),0.801889,0.65,0.019867,0.026061,0.0216,0.9698,1.0,True,1.3774,0.4189,0.0,0.0,7.2208,9.5765,seedling,0.7649,False,True,0.5714,14.7331,True,1.9995,False,0.0,False,0.0,False,137.0
2025-05-18,25.5,13.5,392.3,277.4,0.431118,0.564081,0.0,0.0,27.24,3.33,43.36,8.57,26.89,15.41,0.0,0.0,94.23,0.0,0.0,0.0,0.301913,0.310956,0.316383,5.0,54.22,8.23,9.41,0.0,0.0,0.0,52.5,23,GroIMP_3D+bridge(α=0.54),0.867818,0.65,0.020015,0.028204,0.0215,0.9648,1.0,True,1.3638,0.4403,0.0,0.0,6.6991,8.9349,seedling,0.8041,False,True,0.5429,13.7459,True,2.219,False,0.0,False,0.0,False,138.0
2025-05-19,26.4,14.4,406.7,291.8,0.452896,0.606828,0.0,0.0,28.38,3.57,47.05,9.31,29.42,16.74,0.0,0.0,102.53,0.0,0.0,0.0,0.299272,0.309636,0.315854,5.0,54.99,8.29,9.48,0.0,0.1,0.0,52.3,24,GroIMP_3D+bridge(α=0.51),0.927871,0.654,0.019719,0.030341,0.0214,0.9593,1.0,True,1.3545,0.4632,0.0,0.0,8.296,11.0322,seedling,0.8458,False,True,0.5143,16.9726,True,3.1763,False,0.0,False,0.0,False,139.0
2025-05-20,26.1,14.1,420.8,305.9,0.47872,0.659487,0.0,0.0,29.51,3.81,50.81,10.06,32.01,18.1,0.0,0.0,110.99,0.0,0.0,0.0,0.296379,0.308189,0.315276,5.0,55.64,8.34,9.53,0.0,0.1,0.0,52.1,25,GroIMP_3D+bridge(α=0.49),1.002259,0.658,0.019725,0.032974,0.0213,0.9534,1.0,True,1.3429,0.4856,0.0,0.0,8.4617,11.2702,seedling,0.8867,False,True,0.4857,17.3387,True,3.6907,False,0.0,False,0.0,False,140.0
2025-05-21,26.6,14.6,435.4,320.5,0.503284,0.712655,0.0,0.0,30.71,4.07,54.66,10.83,34.7,19.5,0.0,0.0,119.7,0.0,0.0,0.0,0.293226,0.306613,0.314645,5.0,56.03,8.37,9.56,0.0,0.2,0.0,52.0,26,GroIMP_3D+bridge(α=0.46),1.076518,0.662,0.019694,0.035633,0.021187,0.9469,1.0,True,1.3299,0.5087,0.0,0.0,8.7068,11.6348,seedling,0.929,False,True,0.4571,17.8997,True,4.2704,False,0.0,False,0.0,False,141.0
2025-05-22,23.0,11.0,446.4,331.5,0.526768,0.766586,0.0,0.0,31.62,4.27,56.48,11.2,35.98,20.17,0.0,0.0,123.83,0.0,0.0,0.0,0.289818,0.304909,0.313964,5.0,55.14,8.3,9.49,0.0,0.2,0.0,51.8,27,GroIMP_3D+bridge(α=0.43),1.151031,0.666,0.020378,0.038329,0.021057,0.9398,1.0,True,1.3044,0.5262,0.0,0.0,4.1286,5.6895,seedling,0.9609,False,True,0.4286,8.753,True,1.949,False,0.0,False,0.0,False,142.0
2025-05-23,22.8,10.8,457.2,342.3,0.536169,0.791873,0.0,0.0,32.53,4.47,59.48,11.8,38.1,21.27,0.0,0.0,130.64,0.0,0.0,0.0,0.286281,0.303141,0.313256,5.0,55.39,8.32,9.51,0.0,0.2,0.0,51.6,28,GroIMP_3D+bridge(α=0.40),1.181901,0.67,0.019872,0.039594,0.020925,0.9321,1.0,True,1.3112,0.5433,0.0,0.0,6.8127,9.1384,seedling,0.9922,False,True,0.4,14.0591,True,4.0772,False,0.0,False,0.0,False,143.0
2025-05-24,23.75,11.75,469.0,354.1,0.551638,0.82331,0.0,0.0,33.53,4.71,62.74,12.45,40.43,22.48,0.34,0.0,138.45,0.0957,0.0,0.0,0.279494,0.299747,0.311899,5.0,55.56,8.33,9.52,0.0,0.3,0.0,51.5,29,GroIMP_3D+bridge(α=0.37),1.234083,0.6671,0.019669,0.041165,0.020749,0.9241,1.0,True,1.2957,0.562,0.0,0.0,7.8071,10.4643,squaring,0.0318,False,True,0.3714,16.0989,True,5.0827,False,0.0,False,0.0,False,144.0
2025-05-25,24.9,12.9,481.9,367.0,0.567358,0.856258,0.0,0.0,34.63,4.97,66.22,13.14,42.93,23.77,0.74,0.0,146.81,0.3188,0.0,0.0,0.32,0.32,0.32,5.0,55.56,8.33,9.52,0.0,0.3,0.0,51.3,30,GroIMP_3D+bridge(α=0.34),1.28899,0.6643,0.019466,0.042813,0.020544,0.9089,1.0,True,1.2742,0.5825,0.0,0.0,8.3618,11.2426,squaring,0.077,False,True,0.3429,17.2963,True,5.9054,False,0.0,False,0.0,False,145.0
2025-05-26,24.95,12.95,494.8,379.9,0.587456,0.900981,0.0,0.0,35.76,5.24,69.8,13.86,45.54,25.12,1.19,0.0,155.51,0.6569,0.0,0.0,0.312508,0.316254,0.318502,5.0,55.55,8.33,9.52,0.0,0.3,0.0,51.1,31,GroIMP_3D+bridge(α=0.31),1.362174,0.6614,0.019514,0.045049,0.020571,1.0,1.0,True,1.2539,0.603,0.0,0.0,8.7009,11.7108,squaring,0.1225,False,True,0.3143,18.0166,True,6.6147,False,0.0,False,0.0,False,146.0
2025-05-27,24.65,12.65,507.4,392.6,0.604221,0.939122,0.0,0.0,36.86,5.51,73.17,14.53,48.01,26.38,1.64,0.0,163.74,1.0929,0.0,0.0,0.304665,0.312333,0.316933,5.0,55.36,8.32,9.51,0.0,0.4,0.0,50.9,32,GroIMP_3D+bridge(α=0.29),1.425999,0.6586,0.019488,0.046956,0.020429,0.9831,1.0,True,1.2321,0.6231,0.0,0.0,8.2305,11.1285,squaring,0.1668,False,True,0.2857,17.1208,True,5.9962,False,0.0,False,0.0,False,147.0
2025-05-28,25.85,13.85,521.3,406.4,0.618952,0.973313,0.0,0.0,38.08,5.81,77.12,15.32,50.93,27.88,2.21,0.0,173.46,1.6239,0.0,0.0,0.296501,0.308251,0.3153,5.0,55.3,8.31,9.5,0.0,0.4,0.0,50.6,33,GroIMP_3D+bridge(α=0.26),1.484355,0.6557,0.019247,0.048666,0.020286,0.9655,1.0,True,1.2118,0.6451,0.0,0.0,9.7227,13.1246,squaring,0.2154,False,True,0.2571,20.1917,True,7.5506,False,0.0,False,0.0,False,148.0
2025-05-29,24.1,12.1,533.4,418.5,0.63547,1.013582,0.0,0.0,39.16,6.08,80.75,16.05,53.64,29.26,2.77,0.0,182.47,2.2185,0.0,0.0,0.287962,0.303981,0.313592,5.0,55.32,8.32,9.5,0.3,0.5,0.0,50.4,34,GroIMP_3D+bridge(α=0.23),1.552532,0.6529,0.019226,0.050679,0.020131,0.9471,1.0,True,1.193,0.6643,0.0,0.0,9.0095,12.1695,squaring,0.2579,False,True,0.2286,18.7223,True,5.8407,False,0.0,False,0.0,False,149.0
2025-05-30,25.3,13.3,546.7,431.8,0.648357,1.045139,0.0,0.0,40.34,6.39,84.57,16.81,56.51,30.73,3.4,0.0,192.02,2.8724,0.0,0.0,0.279119,0.299559,0.311824,5.0,55.18,8.31,9.49,0.6,0.5,0.0,50.2,35,GroIMP_3D+bridge(α=0.20),1.607906,0.65,0.019013,0.052257,0.019912,0.9279,1.0,True,1.1707,0.6854,0.0,0.0,9.5446,12.9442,squaring,0.3046,False,True,0.2,19.9142,True,7.3463,False,0.0,False,0.0,False,150.0
2025-05-31,25.4,13.4,560.1,445.2,0.660898,1.104746,0.0,0.0,41.53,6.7,88.64,17.63,59.6,32.3,3.7,0.0,201.85,3.5703,0.0,0.0,0.269968,0.294984,0.309994,5.0,55.15,8.3,9.49,0.9,0.6,0.0,50.0,36,GroIMP_3D+bridge(α=0.17),1.663775,0.664,0.018771,0.055237,0.019673,0.908,1.0,True,1.1507,0.7067,0.0,0.0,10.2484,13.8886,squaring,0.3516,False,True,0.1714,21.367,True,6.7523,False,0.0,False,0.0,False,151.0
2025-06-01,26.3,14.3,574.4,459.5,0.673608,1.167888,0.0,0.0,42.81,7.03,92.96,18.49,62.91,33.97,4.05,0.0,212.39,4.3007,0.0,0.0,0.260494,0.290247,0.308099,5.0,55.08,8.3,9.48,1.2,0.6,0.0,49.7,37,GroIMP_3D+bridge(α=0.14),1.722549,0.678,0.01853,0.058394,0.019434,0.8874,1.0,True,1.1278,0.7294,0.0,0.0,10.9855,14.9221,squaring,0.4018,False,True,0.1429,22.9571,True,7.4875,False,0.0,False,0.0,False,152.0
2025-06-02,26.2,14.2,588.6,473.7,0.686424,1.23465,0.0,0.0,44.08,7.37,97.3,19.36,66.26,35.67,4.42,0.0,223.0,5.0444,0.0,0.0,0.250681,0.28534,0.306136,5.0,55.01,8.29,9.48,1.6,0.7,0.0,49.5,38,GroIMP_3D+bridge(α=0.11),1.784176,0.692,0.018337,0.061732,0.019192,0.8661,1.0,True,1.1053,0.7519,0.0,0.0,11.1067,15.1145,squaring,0.4516,False,True,0.1143,23.2531,True,7.354,False,0.0,False,0.0,False,153.0
2025-06-03,28.45,16.45,605.0,490.2,0.698344,1.301722,0.0,0.0,45.54,7.76,102.25,20.35,70.12,37.61,4.92,0.0,235.25,5.7905,0.0,0.0,0.24054,0.28027,0.304108,5.0,54.88,8.28,9.47,2.0,0.7,0.0,49.2,39,GroIMP_3D+bridge(α=0.09),1.843799,0.706,0.018032,0.065086,0.01895,0.844,1.0,True,1.0785,0.778,0.0,0.0,12.7926,17.4739,squaring,0.5093,False,True,0.0857,26.8829,True,8.5175,False,0.0,False,0.0,False,154.0
2025-06-04,28.45,16.45,621.5,506.6,0.711551,1.377125,0.0,0.0,47.0,8.16,107.23,21.35,74.03,39.58,5.44,0.0,247.62,6.5145,0.0,0.0,0.23002,0.27501,0.302004,5.0,54.77,8.27,9.46,2.4,0.8,0.0,48.9,40,GroIMP_3D+bridge(α=0.06),1.912673,0.72,0.017837,0.068856,0.018705,0.8212,1.0,True,1.0525,0.8041,0.0,0.0,12.9792,17.7712,squaring,0.567,False,True,0.0571,27.3404,True,7.3213,False,0.0,False,0.0,False,155.0
2025-06-05,30.0,18.0,639.5,524.6,0.724803,1.437727,0.0,0.0,48.58,8.59,112.65,22.43,78.33,41.73,6.06,0.0,261.2,7.1933,0.0,0.0,0.319103,0.32,0.32,5.0,54.65,8.26,9.45,2.8,0.8,0.0,48.6,41,GroIMP_3D+bridge(α=0.03),1.985027,0.7243,0.017621,0.071886,0.018511,0.7975,1.0,True,1.0233,0.8327,0.0,0.0,14.2526,19.5975,squaring,0.6302,False,True,0.0286,30.15,True,9.412,False,0.0,False,0.0,False,156.0
2025-06-06,28.6,16.6,656.1,541.2,0.751236,1.559425,0.0,0.0,50.02,8.98,116.79,23.26,81.64,43.39,7.11,0.0,272.19,7.8026,0.0,0.0,0.307331,0.314114,0.317646,5.0,54.17,8.23,9.4,3.2,0.9,0.0,48.3,42,GroIMP_3D+bridge(α=0.00),2.140387,0.7286,0.018326,0.077971,0.019,0.9991,1.0,True,0.9914,0.859,0.0,0.0,10.9865,15.3527,squaring,0.6884,False,True,0.0,23.6195,True,5.3443,False,0.0,False,0.0,False,157.0
2025-06-07,28.25,16.25,672.4,557.5,0.761835,1.617689,0.0,0.0,51.41,9.37,121.67,24.23,85.61,45.36,8.42,0.05,285.35,8.3238,0.0,0.0,0.29519,0.308044,0.315217,5.0,54.13,8.23,9.4,3.6,1.0,0.0,48.0,43,GroIMP_3D,2.207373,0.7329,0.018142,0.080884,0.0189,0.9726,1.0,True,0.9721,0.8848,0.0,0.0,13.1586,18.1594,squaring,0.7454,False,False,0.0,23.6195,True,6.5711,True,3.5266,False,0.0,False,158.0
2025-06-08,28.75,16.75,689.1,574.2,0.773589,1.684545,0.0,0.0,52.82,9.75,126.84,25.27,89.89,47.48,8.91,0.16,298.55,8.7382,0.0,0.0,0.282621,0.301759,0.312704,5.0,54.2,8.23,9.41,4.0,1.0,0.0,47.7,44,GroIMP_3D,2.285235,0.7371,0.018016,0.084227,0.018782,0.9453,1.0,True,0.9465,0.9114,0.0,0.0,14.1924,19.5949,squaring,0.8042,False,False,0.0,23.6195,True,6.6702,True,3.2612,False,0.0,False,159.0
2025-06-09,29.2,17.2,706.3,591.4,0.783809,1.747025,0.0,0.0,54.25,10.14,131.16,26.13,93.53,49.28,9.87,0.3,310.28,9.0282,0.0,0.0,0.269662,0.295279,0.310112,5.0,53.9,8.21,9.38,4.3,1.1,0.0,47.4,45,GroIMP_3D,2.356296,0.7414,0.017964,0.087351,0.018577,0.917,1.0,True,0.9133,0.9387,0.0,0.0,12.0661,16.9787,squaring,0.8646,False,False,0.0,23.6195,True,3.9394,True,1.1839,False,0.0,False,160.0
2025-06-10,26.55,14.55,720.9,606.0,0.791136,1.79668,0.0,0.0,55.44,10.46,135.22,26.94,97.01,50.98,11.16,0.47,321.79,9.1998,0.0,0.0,0.25641,0.288654,0.307462,5.0,53.86,8.21,9.38,4.7,1.1,0.0,47.2,46,GroIMP_3D,2.40934,0.7457,0.017818,0.089834,0.018369,0.8879,1.0,True,0.8945,0.9618,0.0,0.0,11.5173,16.0709,squaring,0.9156,False,False,0.0,23.6195,True,3.1133,True,0.8664,False,0.0,False,161.0
2025-06-11,27.15,15.15,736.0,621.1,0.797325,1.841714,0.0,0.0,56.65,10.78,139.66,27.83,100.89,52.87,11.38,0.71,333.34,9.2431,0.0,0.0,0.242904,0.281901,0.30476,5.0,53.96,8.21,9.39,5.0,1.2,0.0,46.9,47,GroIMP_3D,2.455618,0.75,0.017582,0.092086,0.01816,0.858,1.0,True,0.8726,0.9859,0.0,0.0,12.8142,17.8398,squaring,0.9688,False,False,0.0,23.6195,True,3.7965,True,0.7549,False,0.0,False,162.0
2025-06-12,27.0,15.0,751.0,636.1,0.804468,1.886698,0.0,0.0,57.82,11.1,144.22,28.74,104.93,54.83,12.67,1.02,346.42,8.8607,0.01,0.0,0.229095,0.274996,0.301998,5.0,54.15,8.23,9.4,5.3,1.2,0.02,46.7,48,GroIMP_3D,2.510814,0.7514,0.01741,0.094335,0.017978,0.8277,1.0,True,0.9881,1.0062,0.0,0.0,13.0735,18.1201,flowering,0.0069,False,False,0.0,23.6195,True,2.904,False,0.0,False,0.0,False,163.0
2025-06-13,26.45,14.45,765.5,650.6,0.811231,1.931059,0.0,0.0,58.92,11.39,149.22,29.74,109.46,57.02,12.68,1.42,359.55,8.5017,0.0427,0.0,0.214987,0.267942,0.299177,5.0,54.61,8.26,9.44,5.6,1.3,0.08,46.5,49,GroIMP_3D,2.564973,0.7529,0.017189,0.096553,0.017786,0.7966,1.0,False,1.0429,1.0208,0.0,0.0,14.5423,17.6301,flowering,0.0234,False,False,0.0,23.6195,True,0.8911,False,0.0,False,0.0,False,164.0
2025-06-14,26.85,14.85,780.3,665.4,0.817253,1.972342,0.0,0.0,60.03,11.67,154.25,30.75,114.09,59.24,12.68,1.89,372.9,8.1642,0.0971,0.0,0.200606,0.260752,0.296301,5.0,55.06,8.3,9.48,5.9,1.3,0.14,46.2,50,GroIMP_3D,2.614847,0.7543,0.016952,0.098617,0.017523,0.7648,1.0,False,1.0302,1.0358,0.0,0.0,14.7608,18.2097,flowering,0.0402,False,False,0.0,23.6195,True,1.2527,False,0.0,False,0.0,False,165.0
2025-06-15,29.5,17.5,797.8,682.9,0.822773,2.011742,0.0,0.0,61.3,12.0,159.61,31.82,119.12,61.65,12.74,2.47,387.41,7.8451,0.1754,0.0,0.185965,0.253431,0.293372,5.0,55.44,8.32,9.51,6.2,1.3,0.2,46.0,51,GroIMP_3D,2.66204,0.7557,0.016678,0.100587,0.017258,0.7325,1.0,False,1.0139,1.0534,0.0,0.0,15.9239,20.1192,flowering,0.0601,False,False,0.0,23.6195,True,1.852,False,0.0,False,0.0,False,166.0
2025-06-16,28.6,16.6,814.4,699.5,0.828429,2.053321,0.0,0.0,62.46,12.29,164.5,32.8,123.79,63.87,14.08,3.07,402.11,7.5434,0.2744,0.0,0.171049,0.245973,0.290389,5.0,55.78,8.35,9.54,6.5,1.4,0.27,45.8,52,GroIMP_3D,2.711934,0.7571,0.016486,0.102666,0.016991,0.6995,1.0,False,1.0328,1.0702,0.0,0.0,14.7039,17.6306,flowering,0.079,False,False,0.0,23.6195,False,0.0,False,0.0,False,0.0,False,167.0
2025-06-17,26.85,14.85,829.3,714.4,0.832706,2.086659,0.0,0.0,63.47,12.54,169.67,33.83,128.83,66.25,15.48,3.78,417.85,7.2585,0.3891,0.0,0.156153,0.238525,0.28741,5.0,56.4,8.4,9.6,6.7,1.4,0.32,45.6,53,GroIMP_3D,2.750774,0.7586,0.016212,0.104333,0.016722,0.666,1.0,False,1.0354,1.0852,0.0,0.0,15.7447,18.5908,flowering,0.0959,False,False,0.0,23.6195,False,0.0,False,0.0,False,0.0,False,168.0
2025-06-18,24.6,12.6,841.9,727.0,0.835606,2.111032,0.0,0.0,64.3,12.74,175.36,34.97,134.47,68.91,17.0,4.65,435.36,6.9902,0.5148,0.0,0.240876,0.300887,0.32,5.0,57.37,8.47,9.68,6.9,1.5,0.37,45.4,54,GroIMP_3D,2.777674,0.76,0.01584,0.105552,0.016371,0.6325,1.0,False,1.0445,1.0979,0.0,0.0,17.5113,20.1235,flowering,0.1102,False,False,0.0,23.6195,False,0.0,False,0.0,False,0.0,False,169.0
2025-06-19,28.45,16.45,858.3,743.4,0.868819,2.379378,0.0,0.0,65.36,12.99,180.25,35.95,139.42,71.23,16.45,5.49,448.79,6.7353,0.6563,0.0,0.224376,0.292637,0.3167,5.0,57.84,8.5,9.72,7.2,1.5,0.43,45.3,55,GroIMP_3D,3.124887,0.7614,0.017336,0.118969,0.01782,0.8922,1.0,False,0.9539,1.1145,0.0,0.0,15.2702,21.3097,flowering,0.1289,False,False,0.0,23.6195,True,3.7172,False,0.0,False,0.0,False,170.0
2025-06-20,30.5,17.1,875.4,760.5,0.8745,2.435805,0.0,0.0,66.41,13.23,186.11,37.12,145.39,74.03,16.21,7.05,465.91,6.4925,0.813,0.0,0.207876,0.284387,0.3134,5.0,58.62,8.56,9.78,7.4,1.5,0.5,45.1,56,GroIMP_3D,3.193003,0.7629,0.017156,0.12179,0.017714,0.8551,1.0,False,1.027,1.1318,0.0,0.0,18.9267,22.0587,flowering,0.1483,False,False,0.0,23.6195,False,0.0,False,0.0,False,0.0,False,171.0
2025-06-21,26.15,14.15,889.6,774.7,0.881178,2.504655,0.0,0.0,67.25,13.42,190.3,37.96,149.67,76.05,17.3,8.61,479.88,6.262,0.979,0.0,0.191609,0.276253,0.310147,5.0,59.09,8.59,9.82,7.6,1.6,0.55,44.9,57,GroIMP_3D,3.277119,0.7643,0.017221,0.125233,0.017608,0.818,1.0,False,0.9842,1.1461,0.0,0.0,13.9848,17.7381,flowering,0.1644,False,False,0.0,23.6195,False,0.0,False,0.0,False,0.0,False,172.0
2025-06-22,25.25,13.25,902.8,787.9,0.884613,2.543892,0.0,0.0,68.01,13.59,195.01,38.9,154.52,78.34,16.7,10.89,494.37,6.0436,1.1517,0.0,0.175109,0.268003,0.306847,5.0,59.81,8.65,9.88,7.8,1.6,0.6,44.8,58,GroIMP_3D,3.322247,0.7657,0.017036,0.127195,0.017458,0.7814,1.0,False,1.0147,1.1595,0.0,0.0,16.3529,19.2082,flowering,0.1794,False,False,0.0,23.6195,False,0.0,False,0.0,False,0.0,False,173.0
2025-06-23,26.4,14.4,917.2,802.3,0.887863,2.582359,0.0,0.0,68.8,13.76,200.12,39.92,159.81,80.84,16.26,13.94,510.89,5.8355,1.332,0.0,0.158609,0.259753,0.303547,5.0,60.61,8.7,9.95,8.0,1.6,0.66,44.7,59,GroIMP_3D,3.366203,0.7671,0.016821,0.129118,0.017261,0.7442,1.0,False,1.0197,1.174,0.0,0.0,18.3476,21.1175,flowering,0.1958,False,False,0.0,23.6195,False,0.0,False,0.0,False,0.0,False,174.0
2025-06-24,27.9,15.9,933.1,818.2,0.891344,2.624452,14.04,33.43,69.65,13.93,205.71,41.04,165.64,83.61,17.79,17.96,531.75,5.6363,1.5212,0.0,0.142109,0.251503,0.300247,5.0,61.51,8.77,10.02,8.1,1.6,0.72,44.5,60,GroIMP_3D,3.414715,0.7686,0.0166,0.131223,0.017064,0.7071,1.0,False,1.0155,1.1901,0.0,0.0,20.8845,23.9912,flowering,0.2139,False,False,0.0,23.6195,False,0.0,False,0.0,False,0.0,False,175.0
2025-06-25,25.15,13.15,946.3,831.4,0.895134,2.671388,31.95,76.08,70.32,14.07,211.71,42.24,171.95,86.61,19.45,23.08,555.05,5.4465,1.7142,0.0,0.125609,0.243253,0.296947,5.0,62.68,8.85,10.12,8.3,1.7,0.77,44.4,61,GroIMP_3D,3.469335,0.77,0.016387,0.133569,0.016865,0.67,1.0,False,1.0094,1.2034,0.0,0.0,23.3212,26.904,flowering,0.2288,False,False,0.0,23.6195,False,0.0,False,0.0,False,0.0,False,176.0
2025-06-26,25.8,13.8,960.1,845.2,0.90093,2.813434,48.8,116.2,71.0,14.21,216.53,43.21,177.06,89.04,20.76,27.92,574.52,5.2652,1.9111,0.0,0.12,0.235003,0.293647,5.0,63.5,8.91,10.18,8.4,1.7,0.82,44.3,62,GroIMP_3D,3.556806,0.791,0.016426,0.140672,0.0168,0.6329,1.0,False,1.0031,1.2173,0.0,0.0,19.5023,22.5896,flowering,0.2445,False,False,0.0,23.6195,False,0.0,False,0.0,False,0.0,False,177.0
2025-06-27,27.6,15.6,975.7,860.8,0.906006,2.953835,69.37,165.16,71.73,14.35,221.61,44.22,182.49,91.64,22.15,33.82,595.94,5.0907,2.1138,0.0,0.12,0.226753,0.290347,5.0,64.34,8.97,10.25,8.6,1.7,0.88,44.2,63,GroIMP_3D,3.637728,0.812,0.016415,0.147692,0.0168,0.6066,1.0,False,0.9992,1.2331,0.0,0.0,21.4553,24.7963,flowering,0.2622,False,False,0.0,23.6195,False,0.0,False,0.0,False,0.0,False,178.0
2025-06-28,27.65,15.65,991.3,876.4,0.91108,3.101352,95.49,227.36,72.44,14.49,227.25,45.35,188.56,94.56,21.34,41.3,618.35,4.9225,2.3212,0.0,0.12,0.218503,0.287047,5.0,65.36,9.04,10.33,8.7,1.7,0.94,44.1,64,GroIMP_3D,3.723111,0.833,0.016384,0.155068,0.0168,0.586,1.0,False,0.9932,1.2489,0.0,0.0,24.8264,28.7513,flowering,0.28,False,False,0.0,23.6195,False,0.0,False,0.0,False,0.0,False,179.0
2025-06-29,27.35,15.35,1006.7,891.8,0.916386,3.260366,124.12,295.51,73.1,14.61,232.95,46.49,194.79,97.59,20.64,49.47,641.93,4.7602,2.532,0.0,0.12,0.210253,0.283747,5.0,66.45,9.11,10.42,8.8,1.7,1.0,44.0,65,GroIMP_3D,3.817759,0.854,0.016389,0.163018,0.0168,0.5654,1.0,False,0.9883,1.2644,0.0,0.0,25.9176,30.0198,flowering,0.2974,False,False,0.0,23.6195,False,0.0,False,0.0,False,0.0,False,180.0
2025-06-30,27.8,15.8,1022.5,907.6,0.921434,3.424376,155.14,369.39,73.75,14.72,238.67,47.63,201.13,100.73,20.75,58.31,667.23,4.6031,2.7458,0.0,0.12,0.202003,0.280447,5.0,67.54,9.19,10.5,8.9,1.8,1.06,44.0,66,GroIMP_3D,3.913572,0.875,0.016397,0.171219,0.0168,0.5447,1.0,False,0.9842,1.2804,0.0,0.0,26.8315,31.0169,flowering,0.3154,False,False,0.0,23.6195,False,0.0,False,0.0,False,0.0,False,181.0
2025-07-01,26.3,14.3,1036.8,921.9,0.926192,3.508461,188.13,447.92,74.31,14.82,244.3,48.76,207.46,103.92,20.08,67.71,692.23,4.4516,2.96,0.0,0.12,0.193753,0.277147,5.0,68.68,9.27,10.59,9.0,1.8,1.11,43.9,67,GroIMP_3D,4.00967,0.875,0.016413,0.175423,0.0168,0.5241,1.0,False,0.9762,1.2948,0.0,0.0,27.3019,31.7999,flowering,0.3316,False,False,0.0,23.6195,False,0.0,False,0.0,False,0.0,False,182.0
2025-07-02,27.3,15.3,1052.0,937.1,0.930589,3.591154,218.59,520.46,74.88,14.92,249.03,49.71,212.96,106.73,21.4,76.4,716.23,4.3047,3.1752,0.0,0.2035,0.255503,0.313847,5.0,69.56,9.32,10.66,9.1,1.8,1.17,43.8,68,GroIMP_3D,4.104176,0.875,0.016481,0.179558,0.0168,0.5035,1.0,False,0.9676,1.3103,0.0,0.0,24.1651,28.3845,flowering,0.349,False,False,0.0,23.6195,False,0.0,False,0.0,False,0.0,False,183.0
2025-07-03,27.0,15.0,1067.0,952.1,0.944766,3.898701,255.18,607.58,75.41,15.0,254.07,50.71,219.2,109.97,22.88,86.82,743.65,4.1622,3.3901,0.0,0.187233,0.24737,0.310593,5.0,70.55,9.39,10.73,9.2,1.8,1.23,43.7,69,GroIMP_3D,4.455658,0.875,0.017537,0.194935,0.017892,0.7714,1.0,False,0.9655,1.3254,0.0,0.0,27.9059,32.5851,flowering,0.3661,False,False,0.0,23.6195,False,0.0,False,0.0,False,0.0,False,184.0
2025-07-04,22.6,10.6,1077.6,962.8,0.946277,3.936039,287.84,685.34,75.77,15.06,258.13,51.53,224.45,112.75,24.06,96.16,767.07,4.0258,3.5994,0.0,0.170967,0.239237,0.30734,5.0,71.41,9.45,10.8,9.3,1.8,1.27,43.7,70,GroIMP_3D,4.498331,0.875,0.017427,0.196802,0.017705,0.7348,1.0,False,0.9507,1.3361,0.0,0.0,23.954,28.7126,flowering,0.3781,False,False,0.0,23.6195,False,0.0,False,0.0,False,0.0,False,185.0
2025-07-05,24.9,12.9,1090.5,975.6,0.94709,3.956568,314.43,748.64,76.19,15.13,261.06,52.11,228.48,114.92,24.87,103.81,785.25,3.8941,3.8057,0.0,0.1547,0.231103,0.304087,5.0,71.9,9.48,10.83,9.3,1.8,1.32,43.7,71,GroIMP_3D,4.521792,0.875,0.017321,0.197828,0.017518,0.6982,1.0,False,0.9487,1.3491,0.0,0.0,18.7613,22.3803,flowering,0.3928,False,False,0.0,23.6195,False,0.0,False,0.0,False,0.0,False,186.0
2025-07-06,22.0,10.0,1100.5,985.6,0.94716,3.958351,353.9,842.63,76.51,15.18,265.29,52.96,234.17,118.03,26.12,115.09,811.65,3.768,4.0056,0.0,0.146833,0.22717,0.302513,5.0,72.83,9.54,10.9,9.4,1.8,1.36,43.6,72,GroIMP_3D,4.52383,0.875,0.017052,0.197918,0.017329,0.6616,1.0,False,0.9574,1.3592,0.0,0.0,26.9859,31.3323,flowering,0.4041,False,False,0.0,23.6195,False,0.0,False,0.0,False,0.0,False,187.0
2025-07-07,23.15,11.15,1111.7,996.8,0.948726,3.998854,378.94,902.23,76.85,15.23,267.52,53.41,237.57,119.93,26.71,122.34,827.47,3.6465,4.2006,0.0,0.130333,0.21892,0.299213,5.0,73.2,9.57,10.93,9.4,1.8,1.4,43.6,73,GroIMP_3D,4.570119,0.875,0.017083,0.199943,0.017227,0.6439,1.0,False,0.9314,1.3705,0.0,0.0,16.4669,20.1429,flowering,0.4168,False,False,0.0,23.6195,False,0.0,False,0.0,False,0.0,False,188.0
2025-07-08,25.5,13.5,1125.2,1010.3,0.94614,3.932599,418.03,995.31,77.24,15.28,271.08,54.12,242.63,122.8,27.72,133.54,851.88,3.5281,4.3928,0.0,0.12,0.21067,0.295913,5.0,73.9,9.61,10.98,9.5,1.8,1.45,43.5,74,GroIMP_3D,4.494399,0.875,0.01658,0.19663,0.0168,0.6067,1.0,False,0.9491,1.3841,0.0,0.0,24.9949,29.0552,flowering,0.4322,False,False,0.0,23.6195,False,0.0,False,0.0,False,0.0,False,189.0
2025-07-09,26.45,14.45,1139.7,1024.8,0.94819,3.984843,467.71,1113.59,77.64,15.34,275.31,54.96,248.74,126.33,28.97,147.72,882.03,3.412,4.5825,0.0,0.12,0.20242,0.292613,5.0,74.77,9.67,11.05,9.5,1.9,1.51,43.5,75,GroIMP_3D,4.554107,0.875,0.016542,0.199242,0.0168,0.5758,1.0,False,0.9455,1.3987,0.0,0.0,30.8219,35.7448,flowering,0.4486,False,False,0.0,23.6195,False,0.0,False,0.0,False,0.0,False,190.0
2025-07-10,26.0,14.0,1153.7,1038.8,0.950531,4.04709,519.52,1236.96,78.01,15.39,279.33,55.77,254.79,129.89,30.16,162.52,912.46,3.2984,4.7689,0.0,0.12,0.19417,0.289313,5.0,75.61,9.72,11.11,9.6,1.9,1.56,43.5,76,GroIMP_3D,4.625245,0.875,0.016558,0.202354,0.0168,0.5552,1.0,False,0.9355,1.4129,0.0,0.0,31.1817,36.6301,flowering,0.4645,False,False,0.0,23.6195,False,0.0,False,0.0,False,0.0,False,191.0
2025-07-11,28.7,16.7,1170.4,1055.5,0.952654,4.106129,563.49,1341.64,78.43,15.45,282.28,56.36,259.67,132.82,30.98,175.14,937.24,3.1857,4.9537,0.0,0.12,0.18592,0.286013,5.0,76.13,9.76,11.15,9.6,1.9,1.62,43.4,77,GroIMP_3D,4.692719,0.875,0.016624,0.205306,0.0168,0.5345,1.0,False,0.9166,1.4297,0.0,0.0,25.6335,31.1014,flowering,0.4835,False,False,0.0,23.6195,False,0.0,False,0.0,False,0.0,False,192.0
2025-07-12,28.2,16.2,1186.6,1071.7,0.954154,4.149478,612.86,1459.19,78.81,15.5,285.17,56.94,264.85,135.89,28.64,189.3,960.78,3.074,5.1355,0.0,0.2035,0.24767,0.32,5.0,76.67,9.79,11.19,9.7,1.9,1.69,43.4,78,GroIMP_3D,4.74226,0.875,0.01663,0.207474,0.0168,0.5139,1.0,False,0.901,1.4461,0.0,0.0,27.6421,34.4204,flowering,0.5019,False,False,0.0,23.6195,False,0.0,False,0.0,False,0.0,False,193.0
2025-07-13,28.8,16.8,1203.4,1088.5,0.957366,4.398939,673.72,1604.09,79.18,15.54,288.29,57.56,270.9,139.44,26.73,206.64,989.55,2.963,5.314,0.0,0.187,0.23942,0.3167,5.0,77.27,9.83,11.23,9.7,1.9,1.75,43.3,79,GroIMP_3D,4.854001,0.9062,0.016837,0.219947,0.017022,0.775,1.0,False,0.909,1.4631,0.0,0.0,32.7884,39.529,flowering,0.521,False,False,0.0,23.6195,False,0.0,False,0.0,False,0.0,False,194.0
2025-07-14,29.9,17.9,1221.3,1106.4,0.958586,4.5925,732.8,1744.77,79.55,15.59,290.76,58.05,276.46,142.65,24.87,223.46,1016.26,2.8521,5.489,0.0,0.1705,0.23117,0.3134,5.0,77.71,9.86,11.26,9.8,1.9,1.82,43.3,80,GroIMP_3D,4.898666,0.9375,0.016848,0.229625,0.016992,0.7379,1.0,False,0.8929,1.4812,0.0,0.0,30.6048,37.8709,flowering,0.5413,False,False,0.0,23.6195,False,0.0,False,0.0,False,0.0,False,195.0
2025-07-15,28.65,16.65,1237.9,1123.0,0.95944,4.776646,789.74,1880.34,79.88,15.63,292.64,58.43,281.53,145.56,25.65,239.66,1043.46,2.742,5.6589,0.0,0.154,0.22292,0.3101,5.0,78.02,9.88,11.29,9.8,1.9,1.88,43.3,81,GroIMP_3D,4.930731,0.9688,0.016849,0.238832,0.016958,0.7008,1.0,False,0.8731,1.498,0.0,0.0,28.3941,36.4763,flowering,0.5602,False,False,0.0,23.6195,False,0.0,False,0.0,False,0.0,False,196.0
2025-07-16,29.4,17.4,1255.3,1140.4,0.928567,4.059992,840.84,2002.0,80.19,15.66,241.99,53.57,285.85,147.99,21.3,254.18,1004.88,2.632,5.8233,0.0,0.1375,0.21467,0.3068,5.0,64.37,8.97,10.25,9.9,1.9,1.95,43.3,82,GroIMP_3D,4.059992,1.0,0.016778,0.203,0.016919,0.6636,1.0,False,0.8604,1.5156,0.0,0.0,24.5343,32.1501,flowering,0.58,False,False,0.0,23.6195,False,0.0,False,0.0,True,52.675,True,197.0
2025-07-17,27.7,15.7,1271.0,1156.1,0.928358,4.05549,905.24,2155.34,80.46,15.69,243.2,53.79,291.03,150.87,19.87,272.41,1031.17,2.5232,5.9809,0.0,0.121,0.20642,0.3035,5.0,64.57,8.98,10.27,9.9,1.9,2.01,43.2,83,GroIMP_3D,4.05549,1.0,0.016675,0.202775,0.016759,0.6265,1.0,False,0.8721,1.5314,0.0,0.0,29.9335,37.557,flowering,0.5978,False,False,0.0,23.6195,False,0.0,False,0.0,True,52.675,False,198.0
2025-07-18,27.25,15.25,1286.3,1171.4,0.926623,4.018678,984.88,2344.96,80.71,15.72,244.76,54.08,297.04,154.35,20.85,294.87,1065.95,2.4156,6.131,0.0,0.12,0.19817,0.3002,5.0,64.88,9.01,10.29,9.9,1.9,2.07,43.2,84,GroIMP_3D,4.018678,1.0,0.016419,0.200934,0.016524,0.5894,1.0,False,0.8874,1.5468,0.0,0.0,36.2042,43.1816,flowering,0.6152,False,False,0.0,23.6195,False,0.0,False,0.0,True,52.675,False,199.0
2025-07-19,25.9,13.9,1300.2,1185.3,0.927051,4.027675,1051.89,2504.51,80.92,15.74,245.71,54.24,301.77,157.22,21.51,313.8,1094.25,2.3098,6.273,0.0,0.12,0.18992,0.2969,5.0,65.04,9.02,10.3,9.9,1.9,2.12,43.2,85,GroIMP_3D,4.027675,1.0,0.016392,0.201384,0.016455,0.5678,1.0,False,0.869,1.5609,0.0,0.0,29.6918,36.6938,flowering,0.631,False,False,0.0,23.6195,False,0.0,False,0.0,True,52.675,False,200.0
2025-07-20,26.15,14.15,1314.3,1199.4,0.927063,4.027936,1104.19,2629.01,81.13,15.76,246.03,54.28,305.2,159.39,21.86,328.63,1115.4,2.2055,6.4068,0.0,0.12,0.18167,0.2936,5.0,65.04,9.02,10.3,10.0,1.9,2.17,43.2,86,GroIMP_3D,4.027936,1.0,0.016371,0.201397,0.016393,0.5471,1.0,False,0.8483,1.5752,0.0,0.0,22.5577,29.1124,flowering,0.647,False,False,0.0,23.6195,False,0.0,False,0.0,True,52.675,False,201.0
2025-07-21,27.95,15.95,1330.3,1215.4,0.92653,4.016739,1153.83,2747.21,81.35,15.78,246.16,54.29,308.23,161.42,22.1,342.72,1134.92,2.1017,6.5324,0.0,0.12,0.17342,0.2903,5.0,64.98,9.01,10.3,10.0,1.9,2.23,43.2,87,GroIMP_3D,4.016739,1.0,0.016317,0.200837,0.016326,0.5265,1.0,False,0.8337,1.5913,0.0,0.0,20.9069,27.7128,flowering,0.6652,False,False,0.0,23.6195,False,0.0,False,0.0,True,52.675,False,202.0
2025-07-22,27.45,15.45,1345.7,1230.8,0.923771,3.960025,1224.31,2915.03,81.55,15.8,245.77,54.17,312.26,164.25,22.55,362.65,1161.65,1.9986,6.6493,0.0,0.2035,0.23517,0.32,5.0,64.8,9.0,10.29,10.0,1.9,2.29,43.1,88,GroIMP_3D,3.960025,1.0,0.016113,0.198001,0.016087,0.5059,1.0,False,0.845,1.6069,0.0,0.0,29.1805,37.0348,flowering,0.6827,False,False,0.0,23.6195,False,0.0,False,0.0,True,52.675,False,203.0
2025-07-23,26.45,14.45,1360.2,1245.3,0.947438,4.531931,1294.28,3081.61,81.72,15.82,244.77,53.92,315.98,167.0,20.61,382.44,1184.72,1.8967,6.7574,0.0,0.187,0.22692,0.3167,5.0,64.47,8.98,10.26,10.0,1.9,2.35,43.1,89,GroIMP_3D,4.531931,1.0,0.018515,0.226597,0.01844,0.7563,1.0,False,0.839,1.6215,0.0,0.0,28.3264,36.1027,flowering,0.6991,False,False,0.0,23.6195,False,0.0,False,0.0,True,52.675,False,204.0
2025-07-24,25.35,13.35,1373.5,1258.6,0.944745,4.45506,1365.99,3252.35,81.88,15.83,243.66,53.65,319.5,169.76,20.96,402.68,1210.2,1.7964,6.8564,0.0,0.1705,0.21867,0.3134,5.0,64.12,8.95,10.23,10.0,1.9,2.4,43.1,90,GroIMP_3D,4.45506,1.0,0.018284,0.222753,0.018201,0.7191,1.0,False,0.8388,1.6349,0.0,0.0,28.4241,35.8479,flowering,0.7143,False,False,0.0,23.6195,False,0.0,False,0.0,True,52.675,False,205.0
2025-07-25,24.15,12.15,1385.7,1270.8,0.941853,4.376575,1428.72,3401.72,82.01,15.84,242.25,53.31,322.38,172.16,21.15,420.4,1231.66,1.6981,6.9466,0.0,0.154,0.21042,0.3101,5.0,63.7,8.92,10.2,10.0,1.9,2.45,43.1,91,GroIMP_3D,4.376575,1.0,0.018067,0.218829,0.017962,0.682,1.0,False,0.8282,1.6472,0.0,0.0,24.6666,31.7028,flowering,0.7281,False,False,0.0,23.6195,False,0.0,False,0.0,True,52.675,False,206.0
2025-07-26,26.7,14.7,1400.4,1285.5,0.938364,4.286943,1488.9,3545.0,82.16,15.86,240.79,52.98,325.06,174.44,20.91,437.41,1251.59,1.6005,7.0275,0.0,0.1375,0.20217,0.3068,5.0,63.27,8.89,10.16,10.1,1.9,2.5,43.1,92,GroIMP_3D,4.286943,1.0,0.017803,0.214347,0.017697,0.6449,1.0,False,0.8254,1.6621,0.0,0.0,23.6249,30.2219,flowering,0.7448,False,False,0.0,23.6195,False,0.0,False,0.0,True,52.675,False,207.0
2025-07-27,25.45,13.45,1413.8,1298.9,0.932964,4.15774,1564.28,3724.47,82.29,15.87,239.64,52.7,328.32,177.26,21.13,458.67,1277.72,1.5041,7.0993,0.0,0.121,0.19392,0.3035,5.0,62.92,8.87,10.14,10.1,1.9,2.55,43.1,93,GroIMP_3D,4.15774,1.0,0.01735,0.207887,0.017267,0.6078,1.0,False,0.824,1.6757,0.0,0.0,29.6843,37.6954,flowering,0.7601,False,False,0.0,23.6195,False,0.0,False,0.0,True,52.675,False,208.0
2025-07-28,23.0,11.0,1424.8,1309.9,0.927385,4.034752,1625.59,3870.45,82.4,15.88,238.33,52.4,330.88,179.52,21.18,475.99,1298.29,1.41,7.1627,0.0,0.12,0.189753,0.301833,5.0,62.55,8.84,10.11,10.1,1.9,2.6,43.1,94,GroIMP_3D,4.034752,1.0,0.016929,0.201738,0.016837,0.5706,1.0,False,0.8089,1.6868,0.0,0.0,24.0393,31.5498,flowering,0.7726,False,False,0.0,23.6195,False,0.0,False,0.0,True,52.675,False,209.0
2025-07-29,23.75,11.75,1436.6,1321.7,0.924816,3.981259,1678.6,3996.67,82.5,15.89,236.89,52.06,333.01,181.45,21.11,490.98,1315.49,1.3177,7.2176,0.0,0.12,0.187103,0.300773,5.0,62.13,8.81,10.07,10.1,1.9,2.64,43.1,95,GroIMP_3D,3.981259,1.0,0.016807,0.199063,0.016705,0.5592,1.0,False,0.8057,1.6986,0.0,0.0,20.7021,27.1493,flowering,0.786,False,False,0.0,23.6195,False,0.0,False,0.0,True,52.675,False,210.0
2025-07-30,22.65,10.65,1447.2,1332.3,0.922719,3.938935,1734.92,4130.75,82.59,15.89,235.52,51.75,335.19,183.47,21.04,506.89,1333.86,1.2275,7.2645,0.0,0.12,0.178853,0.297473,5.0,61.75,8.79,10.04,10.1,1.9,2.68,43.1,96,GroIMP_3D,3.938935,1.0,0.016724,0.196947,0.016628,0.5526,1.0,False,0.802,1.7094,0.0,0.0,22.0063,28.8948,flowering,0.7981,False,False,0.0,23.6195,False,0.0,False,0.0,True,52.675,False,211.0
2025-07-31,23.35,11.35,1458.6,1343.7,0.918649,3.859968,1771.48,4217.8,82.68,15.9,233.88,51.38,336.54,184.75,20.79,517.26,1344.61,1.1389,7.3033,0.0,0.12,0.170603,0.294173,5.0,61.29,8.75,10.0,10.1,1.9,2.72,43.1,97,GroIMP_3D,3.859968,1.0,0.016504,0.192998,0.016389,0.532,1.0,False,0.7639,1.7209,0.0,0.0,14.0908,20.5699,flowering,0.811,False,False,0.0,23.6195,False,0.0,False,0.0,True,52.675,False,212.0
2025-08-01,24.5,12.5,1471.1,1356.2,0.913059,3.75773,1823.54,4341.75,82.78,15.91,232.4,51.04,338.41,186.57,20.62,531.97,1361.02,1.0513,7.3337,0.0,0.2035,0.232353,0.32,5.0,60.88,8.72,9.97,10.1,1.9,2.77,43.1,98,GroIMP_3D,3.75773,1.0,0.016169,0.187887,0.016067,0.5113,1.0,False,0.7884,1.7335,0.0,0.0,20.2782,27.1394,flowering,0.8252,False,False,0.0,23.6195,False,0.0,False,0.0,True,52.675,False,213.0
2025-08-02,24.55,12.55,1483.6,1368.7,0.936235,4.234694,1880.17,4476.59,82.87,15.91,230.78,50.67,340.36,188.53,20.45,547.96,1378.75,0.9672,7.3555,0.0,0.187,0.224103,0.3167,5.0,60.43,8.69,9.93,10.1,1.9,2.82,43.1,99,GroIMP_3D,4.234694,1.0,0.01835,0.211735,0.018222,0.752,1.0,False,0.784,1.7462,0.0,0.0,22.0909,29.6202,flowering,0.8394,False,False,0.0,23.6195,False,0.0,False,0.0,True,52.675,False,214.0
2025-08-03,26.6,14.6,1498.2,1383.3,0.931694,4.128867,1935.57,4608.51,82.98,15.92,229.19,50.31,342.2,190.42,19.22,563.59,1394.93,0.8899,7.3678,0.0,0.1705,0.215853,0.3134,5.0,59.98,8.66,9.9,10.1,1.9,2.88,43.1,100,GroIMP_3D,4.128867,1.0,0.018015,0.206443,0.017891,0.7149,1.0,False,0.7762,1.7609,0.0,0.0,21.584,29.2465,flowering,0.856,False,False,0.0,23.6195,False,0.0,False,0.0,True,52.675,False,215.0
2025-08-04,26.9,14.9,1513.1,1398.2,0.926933,4.025195,2001.65,4765.84,83.08,15.93,227.68,49.97,344.3,192.65,17.14,582.18,1413.92,0.8187,7.3703,0.0,0.154,0.207603,0.3101,5.0,59.56,8.63,9.86,10.1,1.9,2.93,43.1,101,GroIMP_3D,4.025195,1.0,0.017679,0.20126,0.017563,0.6778,1.0,False,0.7738,1.776,0.0,0.0,25.8352,34.788,flowering,0.873,False,False,0.0,23.6195,False,0.0,False,0.0,True,52.675,False,216.0
2025-08-05,28.45,16.45,1529.6,1414.7,0.921453,3.913945,2068.66,4925.38,83.18,15.93,226.16,49.62,346.34,194.88,15.27,600.97,1433.24,0.7532,7.3619,0.0,0.1375,0.199353,0.3068,5.0,59.14,8.6,9.83,10.1,1.9,3.0,43.0,102,GroIMP_3D,3.913945,1.0,0.017306,0.195697,0.017191,0.6407,1.0,False,0.767,1.7926,0.0,0.0,26.1867,35.4767,flowering,0.8916,False,False,0.0,23.6195,False,0.0,False,0.0,True,52.675,False,217.0
2025-08-06,28.0,16.0,1545.6,1430.7,0.913912,3.772899,2135.12,5083.61,83.27,15.94,223.05,48.93,348.27,197.07,13.57,619.55,1450.44,0.6929,7.3432,0.0,0.121,0.191103,0.3035,5.0,58.3,8.54,9.76,10.1,1.9,3.06,43.0,103,GroIMP_3D,3.772899,1.0,0.016915,0.188645,0.016683,0.6035,1.0,False,0.7506,1.8087,0.0,0.0,25.9477,36.4587,flowering,0.9098,False,False,0.0,23.6195,False,0.0,False,0.0,True,52.675,False,218.0
2025-08-07,28.55,16.55,1562.1,1447.2,0.904217,3.608715,2200.89,5240.22,83.36,15.95,219.98,48.24,350.09,199.2,12.04,637.89,1467.43,0.6375,7.326,0.0,0.12,0.182853,0.3002,5.0,57.48,8.48,9.69,10.1,1.9,3.12,43.0,104,GroIMP_3D,3.608715,1.0,0.016405,0.180436,0.016179,0.5664,1.0,False,0.7463,1.8255,0.0,0.0,25.6563,35.9879,flowering,0.9286,False,False,0.0,23.6195,False,0.0,False,0.0,True,52.675,False,219.0
2025-08-08,29.7,17.7,1579.8,1464.9,0.896335,3.487068,2256.41,5372.42,83.45,15.95,216.95,47.57,351.53,200.97,10.63,653.3,1480.95,0.5865,7.3101,0.0,0.12,0.174603,0.2969,5.0,56.67,8.42,9.62,10.2,1.9,3.19,43.0,105,GroIMP_3D,3.487068,1.0,0.016073,0.174353,0.015852,0.5448,1.0,False,0.7202,1.8433,0.0,0.0,21.5375,32.4169,flowering,0.9488,False,False,0.0,23.6195,False,0.0,False,0.0,True,52.675,False,220.0
2025-08-09,25.25,13.25,1593.1,1478.2,0.888217,3.371076,2287.89,5447.36,83.51,15.95,213.97,46.91,352.29,201.93,10.36,661.95,1487.41,0.5396,7.2956,0.0,0.12,0.166353,0.2936,5.0,55.88,8.36,9.55,10.2,1.9,3.24,43.0,106,GroIMP_3D,3.371076,1.0,0.015755,0.168554,0.015539,0.5242,1.0,False,0.6456,1.8567,0.0,0.0,11.9055,23.8151,flowering,0.9638,False,False,0.0,23.6195,False,0.0,False,0.0,True,52.675,False,221.0
2025-08-10,23.85,11.85,1604.9,1490.0,0.879715,3.258292,2305.02,5488.15,83.57,15.96,211.01,46.26,352.66,202.42,10.07,666.56,1488.99,0.4964,7.2822,0.0,0.12,0.158103,0.2903,5.0,55.09,8.3,9.48,10.2,1.9,3.28,43.0,107,GroIMP_3D,3.258292,1.0,0.015442,0.162915,0.015228,0.5035,1.0,False,0.499,1.8687,0.0,0.0,6.1612,14.951,flowering,0.9773,False,False,0.0,23.6195,False,0.0,False,0.0,True,52.675,False,222.0
2025-08-11,24.9,12.9,1617.8,1502.9,0.875758,3.208492,2341.22,5574.33,83.62,15.96,208.27,45.66,353.47,203.51,9.78,676.51,1497.2,0.4567,7.2698,0.0,0.12,0.149853,0.287,5.0,54.37,8.24,9.42,10.2,1.9,3.33,43.0,108,GroIMP_3D,3.208492,1.0,0.015406,0.160425,0.015206,0.5,1.0,False,0.696,1.8817,0.0,0.0,13.7793,21.7656,flowering,0.9919,False,False,0.0,23.6195,False,0.0,False,0.0,True,52.675,False,223.0
2025-08-12,20.45,8.45,1626.3,1511.4,0.872632,3.170273,2378.35,5662.74,83.66,15.96,205.66,45.08,354.29,204.61,9.78,686.41,1505.83,0.4557,7.3188,0.0726,0.20894,0.214323,0.32,5.0,53.68,8.19,9.36,10.2,1.9,4.2,43.0,109,GroIMP_3D,3.170273,1.0,0.015415,0.158514,0.015222,0.5,1.0,False,0.6468,1.8903,0.0,0.0,14.1428,22.7837,boll_opening,0.0123,False,False,0.0,23.6195,False,0.0,False,0.0,True,52.675,False,224.0
2025-08-13,22.5,10.5,1636.8,1521.9,0.902097,3.575049,2394.67,5701.61,83.7,15.97,202.82,44.46,354.62,205.06,9.75,690.51,1507.21,0.4514,7.2906,0.2067,0.193087,0.206397,0.316829,5.0,52.93,8.13,9.3,10.2,1.9,4.2,43.0,110,GroIMP_3D,3.575049,1.0,0.017627,0.178752,0.017383,0.7304,1.0,False,0.5049,1.9009,0.0,0.0,5.8132,12.1993,boll_opening,0.1077,False,False,0.0,23.6195,False,0.0,False,0.0,True,52.675,False,225.0
2025-08-14,22.85,10.85,1647.6,1532.7,0.896209,3.485187,2434.39,5796.16,83.74,15.97,199.99,43.83,355.46,206.21,9.69,701.18,1516.37,0.4438,7.1889,0.3994,0.177825,0.198766,0.313777,5.0,52.19,8.08,9.23,10.2,1.9,4.2,43.0,111,GroIMP_3D,3.485187,1.0,0.017427,0.174259,0.017184,0.6948,1.0,False,0.6433,1.9118,0.0,0.0,15.16,22.5274,boll_opening,0.2064,False,False,0.0,23.6195,False,0.0,False,0.0,True,52.675,False,226.0
2025-08-15,22.5,10.5,1658.1,1543.2,0.890172,3.398222,2467.1,5874.04,83.78,15.97,197.12,43.2,356.14,207.13,9.6,709.92,1523.11,0.4335,7.022,0.6439,0.172469,0.196088,0.312706,5.0,51.43,8.02,9.16,10.2,1.9,4.2,43.0,112,GroIMP_3D,3.398222,1.0,0.01724,0.169911,0.016992,0.6604,1.0,False,0.611,1.9224,0.0,0.0,12.3497,19.9467,boll_opening,0.3018,False,False,0.0,23.6195,False,0.0,False,0.0,True,52.675,False,227.0
2025-08-16,22.85,10.85,1669.0,1554.1,0.885704,3.336862,2500.46,5953.48,83.81,15.97,194.24,42.57,356.82,208.06,9.48,718.85,1530.02,0.4204,6.7926,0.9383,0.158372,0.189039,0.309886,5.0,50.67,7.96,9.1,10.2,1.9,4.2,43.0,113,GroIMP_3D,3.336862,1.0,0.017179,0.166843,0.016928,0.6484,1.0,False,0.6025,1.9334,0.0,0.0,12.6029,20.0528,boll_opening,0.4005,False,False,0.0,23.6195,False,0.0,False,0.0,True,52.675,False,228.0
2025-08-17,23.1,11.1,1680.1,1565.2,0.876966,3.223532,2533.77,6032.79,83.85,15.97,191.29,41.92,357.48,208.97,9.34,727.8,1536.79,0.4047,6.5042,1.2802,0.14488,0.182293,0.307188,5.0,49.9,7.9,9.03,10.2,1.9,4.2,43.0,114,GroIMP_3D,3.223532,1.0,0.016852,0.161177,0.016596,0.6166,1.0,False,0.5875,1.9446,0.0,0.0,12.5703,20.24,boll_opening,0.5014,False,False,0.0,23.6195,False,0.0,False,0.0,True,52.675,False,229.0
2025-08-18,22.35,10.35,1690.4,1575.5,0.86786,3.113677,2568.51,6115.51,83.88,15.97,188.57,41.32,358.16,209.91,9.17,737.16,1544.3,0.3869,6.1665,1.661,0.131953,0.17583,0.304602,5.0,49.19,7.84,8.96,10.2,1.9,4.2,43.0,115,GroIMP_3D,3.113677,1.0,0.016512,0.155684,0.016278,0.5863,1.0,False,0.5779,1.9551,0.0,0.0,13.1344,20.9752,boll_opening,0.5955,False,False,0.0,23.6195,False,0.0,False,0.0,True,52.675,False,230.0
2025-08-19,22.85,10.85,1701.3,1586.4,0.858835,3.012042,2579.4,6141.42,83.91,15.98,185.83,40.72,358.34,210.17,8.98,739.86,1543.89,0.3669,5.7802,2.0808,0.124284,0.171995,0.303069,5.0,48.47,7.78,8.9,10.2,1.9,4.2,43.0,116,GroIMP_3D,3.012042,1.0,0.016208,0.150602,0.015973,0.5572,1.0,False,0.3944,1.966,0.0,0.0,3.5837,11.0665,boll_opening,0.6941,False,False,0.0,23.6195,False,0.0,False,0.0,True,52.675,False,231.0
2025-08-20,22.3,10.3,1711.6,1596.7,0.851667,2.935842,2605.72,6204.1,83.94,15.98,183.18,40.14,358.82,210.84,8.77,746.9,1548.65,0.3452,5.3528,2.5329,0.12,0.166234,0.300764,5.0,47.77,7.73,8.83,10.2,1.9,4.2,43.0,117,GroIMP_3D,2.935842,1.0,0.016027,0.146792,0.015798,0.5399,1.0,False,0.531,1.9764,0.0,0.0,9.7574,17.5017,boll_opening,0.7877,False,False,0.0,23.6195,False,0.0,False,0.0,True,52.675,False,232.0
2025-08-21,24.0,12.0,1723.6,1608.7,0.83979,2.817342,2634.42,6272.42,83.98,15.98,181.02,39.66,359.34,211.58,8.54,754.62,1554.75,0.3213,4.9245,2.9702,0.12,0.161013,0.298676,5.0,47.2,7.68,8.78,10.2,1.9,4.2,43.0,118,GroIMP_3D,2.817342,1.0,0.015564,0.140867,0.01538,0.5213,1.0,False,0.5285,1.9885,0.0,0.0,10.6955,18.1751,boll_opening,0.8968,False,False,0.0,23.6195,False,0.0,False,0.0,True,52.675,False,233.0
2025-08-22,25.0,13.0,1736.6,1621.7,0.829375,2.720441,2667.85,6352.03,84.01,15.98,178.88,39.19,359.93,212.42,8.54,763.43,1562.39,0.2956,4.5306,3.3726,0.210478,0.226252,0.32,5.0,46.64,7.64,8.73,10.2,1.9,4.2,43.0,119,GroIMP_3D,2.720441,1.0,0.015209,0.136022,0.015029,0.5082,1.0,False,0.4795,2.0,0.0,0.0,12.5841,21.0356,mature,1.0,False,False,0.0,23.6195,False,0.0,False,0.0,True,52.675,False,234.0
2025-08-23,26.25,14.25,1750.8,1635.9,0.860176,3.026722,2704.09,6438.3,84.05,15.98,176.64,38.7,360.57,213.33,8.54,773.02,1570.79,0.272,4.1681,3.7428,0.199978,0.221002,0.3179,5.0,46.05,7.59,8.67,10.2,1.9,4.2,43.0,120,GroIMP_3D,3.026722,1.0,0.017135,0.151336,0.016921,0.7499,1.0,False,0.4802,2.0,0.0,0.0,13.6941,22.7995,mature,1.0,False,False,0.0,23.6195,False,0.0,False,0.0,True,52.675,False,235.0
2025-08-24,27.0,15.0,1765.8,1650.9,0.850373,2.922474,2742.78,6530.43,84.08,15.98,174.39,38.21,361.23,214.29,8.54,783.28,1579.93,0.2502,3.8347,4.0834,0.18975,0.215888,0.315854,5.0,45.46,7.54,8.62,10.2,1.9,4.2,43.0,121,GroIMP_3D,2.922474,1.0,0.016759,0.146124,0.016545,0.7262,1.0,False,0.4785,2.0,0.0,0.0,14.6677,24.6542,mature,1.0,False,False,0.0,23.6195,False,0.0,False,0.0,True,52.675,False,236.0
2025-08-25,26.15,14.15,1780.0,1665.1,0.840159,2.82089,2783.18,6626.61,84.11,15.99,172.14,37.71,361.91,215.27,8.54,794.02,1589.59,0.2302,3.5279,4.3967,0.179877,0.210952,0.31388,5.0,44.87,7.49,8.56,10.2,1.9,4.2,43.0,122,GroIMP_3D,2.82089,1.0,0.016387,0.141044,0.016176,0.7032,1.0,False,0.4775,2.0,0.0,0.0,15.3377,25.9226,mature,1.0,False,False,0.0,23.6195,False,0.0,False,0.0,True,52.675,False,237.0
2025-08-26,22.35,10.35,1790.3,1675.4,0.829603,2.722502,2820.87,6716.36,84.13,15.99,169.89,37.22,362.53,216.17,8.54,803.99,1598.34,0.2118,3.2457,4.685,0.170348,0.206187,0.311974,5.0,44.28,7.44,8.5,10.2,1.9,4.2,43.0,123,GroIMP_3D,2.722502,1.0,0.016025,0.136125,0.015816,0.681,1.0,False,0.4759,2.0,0.0,0.0,14.2456,24.2903,mature,1.0,False,False,0.0,23.6195,False,0.0,False,0.0,True,52.675,False,238.0
2025-08-27,22.55,10.55,1800.9,1686.0,0.818708,2.627149,2848.27,6781.6,84.16,15.99,167.67,36.73,362.95,216.8,8.54,811.08,1603.76,0.1948,2.986,4.9502,0.161153,0.20159,0.310135,5.0,43.7,7.39,8.45,10.2,1.9,4.2,43.0,124,GroIMP_3D,2.627149,1.0,0.015669,0.131357,0.015463,0.6596,1.0,False,0.4698,2.0,0.0,0.0,10.1199,17.8839,mature,1.0,False,False,0.0,23.6195,False,0.0,False,0.0,True,52.675,False,239.0
2025-08-28,23.25,11.25,1812.1,1697.2,0.806477,2.526706,2873.92,6842.66,84.18,15.99,165.46,36.25,363.34,217.38,8.54,817.66,1608.62,0.1793,2.7471,5.1942,0.152309,0.197168,0.308366,5.0,43.12,7.34,8.39,10.2,1.9,4.2,43.0,125,GroIMP_3D,2.526706,1.0,0.015271,0.126335,0.01507,0.6389,1.0,False,0.4631,2.0,0.0,0.0,9.409,17.3097,mature,1.0,False,False,0.0,23.6195,False,0.0,False,0.0,True,52.675,False,240.0
2025-08-29,21.85,9.85,1822.0,1707.1,0.793057,2.423556,2901.03,6907.22,84.19,15.99,163.28,35.77,363.74,217.98,8.54,824.66,1613.95,0.1649,2.5274,5.4186,0.143827,0.192927,0.30667,5.0,42.55,7.29,8.33,10.2,1.9,4.2,43.0,126,GroIMP_3D,2.423556,1.0,0.014843,0.121178,0.014648,0.619,1.0,False,0.4637,2.0,0.0,0.0,9.9921,18.3121,mature,1.0,False,False,0.0,23.6195,False,0.0,False,0.0,True,52.675,False,241.0
2025-08-30,21.55,9.55,1831.5,1716.6,0.779352,2.324904,2923.09,6959.73,84.21,15.99,161.13,35.3,364.05,218.45,8.54,830.23,1617.69,0.1517,2.3252,5.6251,0.13569,0.188858,0.305042,5.0,41.99,7.24,8.28,10.2,1.9,4.2,43.0,127,GroIMP_3D,2.324904,1.0,0.014428,0.116245,0.014239,0.5999,1.0,False,0.4537,2.0,0.0,0.0,7.9599,15.5371,mature,1.0,False,False,0.0,23.6195,False,0.0,False,0.0,True,52.675,False,242.0
2025-08-31,23.0,11.0,1842.5,1727.6,0.76541,2.230639,2942.63,7006.27,84.23,15.99,159.05,34.84,364.31,218.86,8.54,835.09,1620.68,0.1396,2.1392,5.8151,0.127883,0.184955,0.303481,5.0,41.44,7.2,8.23,10.2,1.9,4.2,43.0,128,GroIMP_3D,2.230639,1.0,0.014025,0.111532,0.013843,0.5816,1.0,False,0.4449,2.0,0.0,0.0,6.9516,14.3907,mature,1.0,False,False,0.0,23.6195,False,0.0,False,0.0,True,52.675,False,243.0
2025-09-01,23.1,11.1,1853.6,1738.7,0.751304,2.140807,2961.24,7050.58,84.25,15.99,156.99,34.39,364.55,219.24,8.54,839.7,1623.4,0.1284,1.968,5.9899,0.12039,0.181208,0.301982,5.0,40.91,7.15,8.17,10.2,1.9,4.2,43.0,129,GroIMP_3D,2.140807,1.0,0.013637,0.10704,0.01346,0.564,1.0,False,0.4331,2.0,0.0,0.0,6.5724,14.8138,mature,1.0,False,False,0.0,23.6195,False,0.0,False,0.0,True,52.675,False,244.0
2025-09-02,23.3,11.3,1864.9,1750.0,0.737005,2.054802,2980.7,7096.91,84.26,15.99,154.96,33.95,364.79,219.64,8.54,844.53,1626.41,0.1181,1.8106,6.1507,0.12,0.177612,0.300544,5.0,40.38,7.1,8.12,10.2,1.9,4.2,43.0,130,GroIMP_3D,2.054802,1.0,0.01326,0.10274,0.013089,0.5472,1.0,False,0.4361,2.0,0.0,0.0,6.9056,15.2188,mature,1.0,False,False,0.0,23.6195,False,0.0,False,0.0,True,52.675,False,245.0
2025-09-03,23.85,11.85,1876.8,1761.8,0.72426,1.981997,2998.45,7139.16,84.28,15.99,152.97,33.51,365.0,219.99,8.54,848.88,1628.9,0.1087,1.6657,6.2987,0.213063,0.244144,0.32,5.0,39.86,7.06,8.07,10.2,1.9,4.2,43.0,131,GroIMP_3D,1.981997,1.0,0.012956,0.0991,0.01279,0.5378,1.0,False,0.4272,2.0,0.0,0.0,6.2169,14.6623,mature,1.0,False,False,0.0,23.6195,False,0.0,False,0.0,True,52.675,False,246.0
2025-09-04,23.2,11.2,1888.0,1773.0,0.75647,2.1731,3015.11,7178.84,84.3,15.99,151.02,33.08,365.19,220.32,8.54,852.93,1631.08,0.1,1.5325,6.4348,0.205457,0.240341,0.318479,5.0,39.35,7.01,8.01,10.2,1.9,4.2,43.0,132,GroIMP_3D,2.1731,1.0,0.01439,0.108655,0.014206,0.7793,1.0,False,0.419,2.0,0.0,0.0,5.7804,14.5677,mature,1.0,False,False,0.0,23.6195,False,0.0,False,0.0,True,52.675,False,247.0
2025-09-05,23.05,11.05,1899.0,1784.1,0.744029,2.096448,3030.68,7215.9,84.31,15.99,149.07,32.66,365.36,220.62,8.54,856.66,1632.91,0.092,1.4099,6.56,0.19812,0.236672,0.317011,5.0,38.84,6.97,7.96,10.2,1.9,4.2,43.0,133,GroIMP_3D,2.096448,1.0,0.014063,0.104822,0.013882,0.7622,1.0,False,0.4164,2.0,0.0,0.0,5.3352,13.7471,mature,1.0,False,False,0.0,23.6195,False,0.0,False,0.0,True,52.675,False,248.0
2025-09-06,22.75,10.75,1909.8,1794.8,0.731355,2.022101,3045.03,7250.06,84.33,15.99,147.16,32.24,365.51,220.89,8.54,860.05,1634.39,0.0846,1.2971,6.6752,0.191042,0.233133,0.315596,5.0,38.34,6.92,7.91,10.2,1.9,4.2,43.0,134,GroIMP_3D,2.022101,1.0,0.013741,0.101105,0.013564,0.7457,1.0,False,0.4103,2.0,0.0,0.0,4.8463,13.1806,mature,1.0,False,False,0.0,23.6195,False,0.0,False,0.0,True,52.675,False,249.0
2025-09-07,22.65,10.65,1920.4,1805.5,0.718504,1.95021,3057.67,7280.17,84.34,15.99,145.28,31.83,365.63,221.11,8.54,862.97,1635.36,0.0779,1.1933,6.7812,0.184217,0.22972,0.314231,5.0,37.85,6.88,7.86,10.2,1.9,4.2,43.0,135,GroIMP_3D,1.95021,1.0,0.013424,0.097511,0.013252,0.7297,1.0,False,0.4012,2.0,0.0,0.0,4.1605,12.3306,mature,1.0,False,False,0.0,23.6195,False,0.0,False,0.0,True,52.675,False,250.0
2025-09-08,23.5,11.5,1931.9,1817.0,0.705488,1.88067,3069.21,7307.63,84.35,15.99,143.43,31.42,365.74,221.31,8.54,865.57,1636.01,0.0716,1.0979,6.8787,0.177634,0.226429,0.312914,5.0,37.37,6.83,7.81,10.2,1.9,4.2,43.0,136,GroIMP_3D,1.88067,1.0,0.013112,0.094034,0.012945,0.7144,1.0,False,0.3942,2.0,0.0,0.0,3.7138,11.8321,mature,1.0,False,False,0.0,23.6195,False,0.0,False,0.0,True,52.675,False,251.0
2025-09-09,21.6,9.6,1941.5,1826.6,0.69232,1.813376,3080.29,7334.02,84.36,15.99,141.61,31.02,365.83,221.5,8.54,868.04,1636.54,0.0659,1.01,6.9684,0.171287,0.223256,0.311645,5.0,36.89,6.79,7.76,10.2,1.9,4.2,43.0,137,GroIMP_3D,1.813376,1.0,0.012806,0.090669,0.012643,0.6996,1.0,False,0.3872,2.0,0.0,0.0,3.5307,12.1447,mature,1.0,False,False,0.0,23.6195,False,0.0,False,0.0,True,52.675,False,252.0
2025-09-10,19.85,7.85,1949.3,1834.4,0.682441,1.764754,3087.53,7351.25,84.37,15.99,139.85,30.64,365.89,221.61,8.54,869.43,1635.94,0.0606,0.9292,7.0509,0.165111,0.220168,0.31041,5.0,36.43,6.75,7.71,10.2,1.9,4.2,43.0,138,GroIMP_3D,1.764754,1.0,0.012619,0.088238,0.012462,0.6853,1.0,False,0.3625,2.0,0.0,0.0,1.9893,9.5423,mature,1.0,False,False,0.0,23.6195,False,0.0,False,0.0,True,52.675,False,253.0
2025-09-11,20.45,8.45,1957.8,1842.9,0.67263,1.717945,3097.04,7373.9,84.38,15.99,138.14,30.26,365.96,221.76,8.54,871.46,1636.12,0.0558,0.8549,7.1268,0.159098,0.217161,0.309207,5.0,35.99,6.71,7.66,10.2,1.9,4.2,43.0,139,GroIMP_3D,1.717945,1.0,0.012436,0.085897,0.012284,0.6714,1.0,False,0.3931,2.0,0.0,0.0,2.8983,9.3416,mature,1.0,False,False,0.0,23.6195,False,0.0,False,0.0,True,52.675,False,254.0
2025-09-12,18.35,6.35,1964.1,1849.2,0.662879,1.67279,3103.5,7389.28,84.39,16.0,136.47,29.9,366.0,221.85,8.54,872.63,1635.38,0.0513,0.7865,7.1967,0.153243,0.214234,0.308036,5.0,35.55,6.67,7.62,10.2,1.9,4.2,43.0,140,GroIMP_3D,1.67279,1.0,0.012257,0.08364,0.012109,0.6579,1.0,False,0.3717,2.0,0.0,0.0,1.6766,7.0137,mature,1.0,False,False,0.0,23.6195,False,0.0,False,0.0,True,52.675,False,255.0
2025-09-13,21.25,9.25,1973.4,1858.5,0.652592,1.626545,3115.22,7417.19,84.4,16.0,134.86,29.54,366.08,222.04,8.54,875.28,1636.34,0.0472,0.7236,7.261,0.148017,0.211621,0.306991,5.0,35.13,6.63,7.57,10.2,1.9,4.2,43.0,141,GroIMP_3D,1.626545,1.0,0.012061,0.081327,0.011919,0.6447,1.0,False,0.4059,2.0,0.0,0.0,3.7783,10.7067,mature,1.0,False,False,0.0,23.6195,False,0.0,False,0.0,True,52.675,False,256.0
2025-09-14,20.1,8.1,1981.5,1866.6,0.641829,1.579609,3122.41,7434.31,84.4,16.0,133.28,29.2,366.12,222.14,8.54,876.65,1635.92,0.0434,0.6657,7.3201,0.142488,0.208856,0.305885,5.0,34.72,6.59,7.53,10.2,1.9,4.2,43.0,142,GroIMP_3D,1.579609,1.0,0.011852,0.07898,0.011713,0.6329,1.0,False,0.3741,2.0,0.0,0.0,1.963,7.9521,mature,1.0,False,False,0.0,23.6195,False,0.0,False,0.0,True,52.675,False,257.0
2025-09-15,19.0,7.0,1988.5,1873.6,0.630868,1.533231,3132.42,7458.14,84.41,16.0,131.69,28.85,366.18,222.29,8.54,878.81,1636.37,0.04,0.0,8.0,0.137122,0.206173,0.304812,5.0,34.3,6.55,7.48,10.2,1.9,4.2,43.0,143,standalone_RUE,1.533231,1.0,0.011643,0.076662,0.011504,0.6205,1.0,False,0.4111,2.0,0.0,0.0,3.0894,8.3396,mature,1.0,True,False,0.0,23.6195,False,0.0,False,0.0,True,52.675,False,258.0
2025-09-16,19.2,7.2,1995.7,1880.8,0.619869,1.488061,3141.93,7480.78,84.42,16.0,130.1,28.5,366.24,222.44,8.54,880.84,1636.65,0.0368,0.0,8.0,0.131914,0.203569,0.30377,5.0,33.89,6.51,7.44,10.2,1.9,4.2,43.0,144,standalone_RUE,1.488061,1.0,0.011438,0.074403,0.0113,0.6084,1.0,False,0.4064,2.0,0.0,0.0,2.888,8.1436,mature,1.0,True,False,0.0,23.6195,False,0.0,False,0.0,True,52.675,False,259.0
2025-09-17,19.15,7.15,2002.8,1887.9,0.608858,1.44413,3150.26,7500.62,84.42,16.0,128.53,28.16,366.29,222.56,8.54,882.53,1636.6,0.0338,0.0,8.0,0.126859,0.201042,0.302759,5.0,33.48,6.47,7.39,10.2,1.9,4.2,43.0,145,standalone_RUE,1.44413,1.0,0.011236,0.072206,0.0111,0.5967,1.0,False,0.3963,2.0,0.0,0.0,2.4146,7.522,mature,1.0,True,False,0.0,23.6195,False,0.0,False,0.0,True,52.675,False,260.0
2025-09-18,18.9,6.9,2009.8,1894.8,0.597896,1.401609,3157.55,7517.98,84.43,16.0,126.98,27.82,366.33,222.66,8.54,883.92,1636.24,0.0311,0.0,8.0,0.121954,0.198589,0.301778,5.0,33.07,6.43,7.35,10.2,1.9,4.2,43.0,146,standalone_RUE,1.401609,1.0,0.011038,0.07008,0.010905,0.5853,1.0,False,0.3867,2.0,0.0,0.0,1.9957,6.9084,mature,1.0,True,False,0.0,23.6195,False,0.0,False,0.0,True,52.675,False,261.0
2025-09-19,14.15,2.15,2011.9,1897.0,0.586966,1.360348,3168.59,7544.25,84.43,16.0,125.28,27.45,366.4,222.83,8.54,886.37,1636.87,0.0286,0.0,8.0,0.12,0.196208,0.300826,5.0,32.63,6.39,7.3,10.2,1.9,4.2,43.0,147,standalone_RUE,1.360348,1.0,0.010858,0.068017,0.010713,0.5743,1.0,False,0.4377,2.0,0.0,0.0,3.4924,7.606,mature,1.0,True,False,0.0,23.6195,False,0.0,False,0.0,True,52.675,False,262.0
2025-09-20,15.15,3.15,2015.1,1900.2,0.576351,1.321307,3177.73,7566.01,84.43,16.0,123.15,26.98,366.46,222.97,8.54,888.28,1636.37,0.0263,0.0,8.0,0.12,0.193896,0.299901,5.0,32.08,6.33,7.24,10.2,1.9,4.2,43.0,148,standalone_RUE,1.321307,1.0,0.010729,0.066065,0.010547,0.5664,1.0,False,0.4195,2.0,0.0,0.0,2.732,6.857,mature,1.0,True,False,0.0,23.6195,False,0.0,False,0.0,True,52.675,False,263.0
2025-09-21,18.05,6.05,2021.1,1906.2,0.564903,1.280287,3185.03,7583.4,84.44,16.0,121.06,26.52,366.5,223.07,8.54,889.68,1635.36,0.0242,0.0,8.0,0.12,0.191656,0.299005,5.0,31.53,6.28,7.18,10.2,1.9,4.2,43.0,149,standalone_RUE,1.280287,1.0,0.010575,0.064014,0.010396,0.5606,1.0,False,0.3899,2.0,0.0,0.0,1.9943,6.6563,mature,1.0,True,False,0.0,23.6195,False,0.0,False,0.0,True,52.675,False,264.0
2025-09-22,18.1,6.1,2027.2,1912.3,0.553554,1.240672,3192.91,7602.17,84.44,16.0,119.01,26.07,366.54,223.18,8.54,891.23,1634.58,0.0223,0.0,8.0,0.12,0.189484,0.298136,5.0,31.0,6.22,7.11,10.2,1.9,4.2,43.0,150,standalone_RUE,1.240672,1.0,0.010425,0.062034,0.010248,0.555,1.0,False,0.3959,2.0,0.0,0.0,2.2268,6.9652,mature,1.0,True,False,0.0,23.6195,False,0.0,False,0.0,True,52.675,False,265.0
2025-09-23,18.2,6.2,2033.4,1918.5,0.542266,1.202256,3198.93,7616.5,84.45,16.0,117.0,25.63,366.57,223.26,8.54,892.27,1633.26,0.0205,0.0,8.0,0.12,0.187381,0.297295,5.0,30.47,6.17,7.05,10.2,1.9,4.2,43.0,151,standalone_RUE,1.202256,1.0,0.010276,0.060113,0.010102,0.5496,1.0,False,0.3735,2.0,0.0,0.0,1.478,6.0311,mature,1.0,True,False,0.0,23.6195,False,0.0,False,0.0,True,52.675,False,266.0
2025-09-24,18.7,6.7,2040.1,1925.2,0.531063,1.165057,3205.77,7632.79,84.45,16.0,115.03,25.2,366.61,223.35,8.54,893.53,1632.25,0.0189,0.0,8.0,0.12,0.185342,0.296479,5.0,29.96,6.12,6.99,10.2,1.9,4.2,43.0,152,standalone_RUE,1.165057,1.0,0.010129,0.058253,0.009958,0.5443,1.0,False,0.3822,2.0,0.0,0.0,1.8079,6.5955,mature,1.0,True,False,0.0,23.6195,False,0.0,False,0.0,True,52.675,False,267.0
2025-09-25,18.45,6.45,2046.6,1931.7,0.519955,1.12904,3212.53,7648.87,84.45,16.0,114.19,25.02,366.64,223.43,8.54,894.77,1632.59,0.0174,0.0,8.0,0.12,0.183366,0.295689,5.0,29.74,6.1,6.97,10.2,1.9,4.2,43.0,153,standalone_RUE,1.12904,1.0,0.009888,0.056452,0.009816,0.5392,1.0,False,0.3821,2.0,0.0,0.0,1.7702,6.4703,mature,1.0,True,False,0.0,23.6195,False,0.0,False,0.0,True,52.675,False,268.0
2025-09-26,18.8,6.8,2053.4,1938.5,0.512323,1.104773,3218.39,7662.83,84.46,16.0,112.24,24.59,366.67,223.51,8.54,895.76,1631.3,0.016,0.0,8.0,0.12,0.181432,0.294916,5.0,29.23,6.05,6.91,10.2,1.9,4.2,43.0,154,standalone_RUE,1.104773,1.0,0.009843,0.055239,0.009675,0.5343,1.0,False,0.3693,2.0,0.0,0.0,1.4128,6.1162,mature,1.0,True,False,0.0,23.6195,False,0.0,False,0.0,True,52.675,False,269.0
2025-09-27,15.9,3.9,2057.3,1942.4,0.501284,1.070335,3225.54,7679.86,84.46,16.0,110.33,24.17,366.71,223.6,8.54,897.11,1630.45,0.0147,0.0,8.0,0.12,0.179559,0.294166,5.0,28.74,5.99,6.85,10.2,1.9,4.2,43.0,155,standalone_RUE,1.070335,1.0,0.009702,0.053517,0.009536,0.5294,1.0,False,0.3966,2.0,0.0,0.0,1.9274,5.9885,mature,1.0,True,False,0.0,23.6195,False,0.0,False,0.0,True,52.675,False,270.0
2025-09-28,15.75,3.75,2061.0,1946.1,0.490343,1.03695,3232.43,7696.27,84.46,16.0,108.44,23.76,366.74,223.69,8.54,898.39,1629.56,0.0135,0.0,8.0,0.12,0.177745,0.29344,5.0,28.25,5.94,6.79,10.2,1.9,4.2,43.0,156,standalone_RUE,1.03695,1.0,0.009562,0.051848,0.009399,0.5248,1.0,False,0.394,2.0,0.0,0.0,1.8213,5.8137,mature,1.0,True,False,0.0,23.6195,False,0.0,False,0.0,True,52.675,False,271.0
2025-09-29,14.7,2.7,2063.7,1948.8,0.4795,1.004563,3239.37,7712.8,84.47,16.0,106.48,23.33,366.78,223.78,8.54,899.68,1628.59,0.0124,0.0,8.0,0.12,0.175987,0.292737,5.0,27.73,5.89,6.73,10.2,1.9,4.2,43.0,157,standalone_RUE,1.004563,1.0,0.009434,0.050228,0.009263,0.5202,1.0,False,0.3987,2.0,0.0,0.0,1.8401,5.5913,mature,1.0,True,False,0.0,23.6195,False,0.0,False,0.0,True,52.675,False,272.0
2025-09-30,14.8,2.8,2066.5,1951.6,0.469183,0.974366,3245.94,7728.43,84.47,16.0,104.57,22.91,366.81,223.87,8.54,900.86,1627.56,0.0114,0.0,8.0,0.12,0.174282,0.292055,5.0,27.24,5.83,6.67,10.2,1.9,4.2,43.0,158,standalone_RUE,0.974366,1.0,0.009317,0.048718,0.00915,0.5158,1.0,False,0.3935,2.0,0.0,0.0,1.6889,5.4174,mature,1.0,True,False,0.0,23.6195,False,0.0,False,0.0,True,52.675,False,273.0
2025-10-01,15.0,3.0,2069.5,1954.6,0.459039,0.945242,3252.14,7743.19,84.47,16.0,102.76,22.51,366.85,223.95,8.54,901.94,1626.54,0.0105,0.0,8.0,0.12,0.172627,0.291393,5.0,26.76,5.78,6.61,10.2,1.9,4.2,43.0,159,standalone_RUE,0.945242,1.0,0.009198,0.047262,0.009039,0.5116,1.0,False,0.3877,2.0,0.0,0.0,1.5409,5.2703,mature,1.0,True,False,0.0,23.6195,False,0.0,False,0.0,True,52.675,False,274.0
2025-10-02,15.9,3.9,2073.4,1958.5,0.4492,0.917514,3255.7,7751.68,84.47,16.0,101.01,22.13,366.86,223.97,8.54,902.28,1624.78,0.0097,0.0,8.0,0.12,0.171022,0.290751,5.0,26.31,5.73,6.55,10.2,1.9,4.2,43.0,160,standalone_RUE,0.917514,1.0,0.009083,0.045876,0.008929,0.5074,1.0,False,0.3353,2.0,0.0,0.0,0.4862,4.1273,mature,1.0,True,False,0.0,23.6195,False,0.0,False,0.0,True,52.675,False,275.0
2025-10-03,16.75,4.75,2078.2,1963.3,0.439595,0.890915,3260.05,7762.03,84.48,16.0,99.3,21.75,366.87,224.01,8.54,902.84,1623.3,0.0089,0.0,8.0,0.12,0.169463,0.290128,5.0,25.86,5.69,6.5,10.2,1.9,4.2,43.0,161,standalone_RUE,0.890915,1.0,0.008972,0.044546,0.00882,0.5034,1.0,False,0.3506,2.0,0.0,0.0,0.7981,4.735,mature,1.0,True,False,0.0,23.6195,False,0.0,False,0.0,True,52.675,False,276.0
2025-10-04,15.7,3.7,2081.9,1967.0,0.43022,0.865394,3262.4,7767.62,84.48,16.0,97.62,21.39,366.87,224.01,8.54,902.84,1621.26,0.0082,0.0,8.0,0.12,0.167948,0.289522,5.0,25.43,5.64,6.44,10.2,1.9,4.2,43.0,162,standalone_RUE,0.865394,1.0,0.008865,0.04327,0.008715,0.5,1.0,False,0.3,2.0,0.0,0.0,0.0,3.1279,mature,1.0,True,False,0.0,23.6195,False,0.0,False,0.0,True,52.675,False,277.0
2025-10-05,13.65,1.65,2083.5,1968.6,0.421734,0.842649,3268.14,7781.28,84.48,16.0,95.7,20.97,366.9,224.08,8.54,903.78,1619.96,0.0075,0.0,8.0,0.12,0.166474,0.288932,5.0,24.93,5.58,6.38,10.2,1.9,4.2,43.0,163,standalone_RUE,0.842649,1.0,0.008805,0.042132,0.008632,0.5,1.0,False,0.386,2.0,0.0,0.0,1.3538,4.7215,mature,1.0,True,False,0.0,23.6195,False,0.0,False,0.0,True,52.675,False,278.0
2025-10-06,14.35,2.35,2085.9,1971.0,0.412456,0.818161,3273.47,7793.98,84.48,16.0,92.38,20.24,366.92,224.14,8.54,904.62,1616.83,0.0069,0.0,8.0,0.12,0.165042,0.288359,5.0,24.06,5.48,6.27,10.2,1.9,4.2,43.0,164,standalone_RUE,0.818161,1.0,0.008856,0.040908,0.008549,0.5,1.0,False,0.3767,2.0,0.0,0.0,1.191,4.658,mature,1.0,True,False,0.0,23.6195,False,0.0,False,0.0,True,52.675,False,279.0
2025-10-07,14.75,2.75,2088.6,1973.7,0.398519,0.782093,3278.23,7805.32,84.48,16.0,89.15,19.53,366.94,224.19,8.54,905.29,1613.63,0.0064,0.0,8.0,0.12,0.163673,0.287812,5.0,23.22,5.39,6.16,10.2,1.9,4.2,43.0,165,standalone_RUE,0.782093,1.0,0.008773,0.039105,0.008466,0.5,1.0,False,0.365,2.0,0.0,0.0,0.9625,4.4454,mature,1.0,True,False,0.0,23.6195,False,0.0,False,0.0,True,52.675,False,280.0
2025-10-08,13.05,1.05,2089.7,1974.8,0.384776,0.747337,3283.38,7817.58,84.48,16.0,85.91,18.82,366.96,224.24,8.54,906.07,1610.54,0.0059,0.0,8.0,0.12,0.162365,0.287289,5.0,22.38,5.29,6.04,10.2,1.9,4.2,43.0,166,standalone_RUE,0.747337,1.0,0.008699,0.037367,0.008383,0.5,1.0,False,0.3783,2.0,0.0,0.0,1.1171,4.2795,mature,1.0,True,False,0.0,23.6195,False,0.0,False,0.0,True,52.675,False,281.0
2025-10-09,13.1,1.1,2090.8,1975.9,0.370909,0.713046,3288.15,7828.94,84.48,16.0,82.89,18.16,366.98,224.29,8.54,906.75,1607.6,0.0054,0.0,8.0,0.12,0.161118,0.28679,5.0,21.59,5.19,5.94,10.2,1.9,4.2,43.0,167,standalone_RUE,0.713046,1.0,0.008603,0.035652,0.0083,0.5,1.0,False,0.3708,2.0,0.0,0.0,0.9637,4.0859,mature,1.0,True,False,0.0,23.6195,False,0.0,False,0.0,True,52.675,False,282.0
2025-10-10,9.95,0.0,2090.8,1975.9,0.357698,0.681072,3293.56,7841.82,84.48,16.0,80.03,17.53,367.01,224.35,8.54,907.6,1605.05,0.005,0.0,8.0,0.12,0.159926,0.286313,5.0,20.84,5.1,5.83,10.2,1.9,4.2,43.0,168,standalone_RUE,0.681072,1.0,0.00851,0.034054,0.008217,0.5,1.0,False,0.3951,2.0,0.0,0.0,1.2198,3.8499,mature,1.0,True,False,0.0,23.6195,False,0.0,False,0.0,True,52.675,False,283.0
2025-10-11,9.05,0.0,2090.8,1975.9,0.345001,0.650955,3298.97,7854.69,84.48,16.0,77.05,16.88,367.03,224.41,8.54,908.45,1602.36,0.0046,0.0,8.0,0.12,0.158786,0.285857,5.0,20.07,5.01,5.72,10.2,1.9,4.2,43.0,169,standalone_RUE,0.650955,1.0,0.008449,0.032548,0.008134,0.5,1.0,False,0.3985,2.0,0.0,0.0,1.2156,3.702,mature,1.0,True,False,0.0,23.6195,False,0.0,False,0.0,True,52.675,False,284.0
2025-10-12,10.0,0.0,2090.8,1975.9,0.331821,0.620306,3303.71,7865.97,84.48,16.0,74.17,16.25,367.05,224.46,8.54,909.12,1599.58,0.0042,0.0,8.0,0.12,0.157701,0.285423,5.0,19.32,4.91,5.62,10.2,1.9,4.2,43.0,170,standalone_RUE,0.620306,1.0,0.008363,0.031015,0.008051,0.5,1.0,False,0.3813,2.0,0.0,0.0,0.9488,3.501,mature,1.0,True,False,0.0,23.6195,False,0.0,False,0.0,True,52.675,False,285.0
2025-10-13,10.6,0.0,2090.8,1975.9,0.318967,0.590993,3307.6,7875.24,84.48,16.0,71.49,15.66,367.06,224.49,8.54,909.54,1596.78,0.0039,0.0,8.0,0.12,0.156667,0.285009,5.0,18.62,4.82,5.51,10.2,1.9,4.2,43.0,171,standalone_RUE,0.590993,1.0,0.008267,0.02955,0.007968,0.5,1.0,False,0.358,2.0,0.0,0.0,0.611,3.1598,mature,1.0,True,False,0.0,23.6195,False,0.0,False,0.0,True,52.675,False,286.0
2025-10-14,9.55,0.0,2090.8,1975.9,0.306785,0.563715,3311.8,7885.23,84.48,16.0,68.83,15.08,367.08,224.53,8.54,910.05,1594.1,0.0036,0.0,8.0,0.12,0.15568,0.284615,5.0,17.93,4.73,5.41,10.2,1.9,4.2,43.0,172,standalone_RUE,0.563715,1.0,0.008191,0.028186,0.007885,0.5,1.0,False,0.3698,2.0,0.0,0.0,0.7308,3.1417,mature,1.0,True,False,0.0,23.6195,False,0.0,False,0.0,True,52.675,False,287.0
2025-10-15,9.85,0.0,2090.8,1975.9,0.29463,0.536973,3315.58,7894.24,84.48,16.0,66.25,14.51,367.09,224.55,8.54,910.45,1591.4,0.0033,0.0,8.0,0.12,0.15474,0.284239,5.0,17.26,4.64,5.31,10.2,1.9,4.2,43.0,173,standalone_RUE,0.536973,1.0,0.008105,0.026849,0.007802,0.5,1.0,False,0.3571,2.0,0.0,0.0,0.5656,2.9716,mature,1.0,True,False,0.0,23.6195,False,0.0,False,0.0,True,52.675,False,288.0
2025-10-16,11.15,0.0,2090.8,1975.9,0.282809,0.511404,3317.95,7899.89,84.48,16.0,62.85,13.77,367.09,224.55,8.54,910.45,1587.25,0.003,0.0,8.0,0.12,0.153846,0.283881,5.0,16.37,4.52,5.17,10.2,1.9,4.2,43.0,174,standalone_RUE,0.511404,1.0,0.008137,0.02557,0.007719,0.5,1.0,False,0.3,2.0,0.0,0.0,0.0,2.2846,mature,1.0,True,False,0.0,23.6195,False,0.0,False,0.0,True,52.675,False,289.0
2025-10-17,11.05,0.0,2090.8,1975.9,0.267976,0.479911,3320.72,7906.48,84.48,16.0,59.58,13.05,367.09,224.56,8.54,910.56,1583.38,0.0028,0.0,8.0,0.12,0.153006,0.283545,5.0,15.52,4.4,5.03,10.2,1.9,4.2,43.0,175,standalone_RUE,0.479911,1.0,0.008055,0.023996,0.007636,0.5,1.0,False,0.3182,2.0,0.0,0.0,0.1596,2.6328,mature,1.0,True,False,0.0,23.6195,False,0.0,False,0.0,True,52.675,False,290.0
2025-10-18,10.75,0.0,2090.8,1975.9,0.253607,0.450005,3320.72,7906.48,84.48,16.0,56.46,12.37,367.09,224.57,8.54,910.61,1579.64,0.0026,0.0,8.0,0.12,0.152218,0.28323,5.0,14.71,4.29,4.9,10.2,1.9,4.2,43.0,176,standalone_RUE,0.450005,1.0,0.00797,0.0225,0.007553,0.5,1.0,True,0.3085,2.0,0.0,0.0,0.0698,2.4606,mature,1.0,True,False,0.0,23.6195,False,0.0,False,0.0,True,52.675,False,291.0
2025-10-19,10.2,0.0,2090.8,1975.9,0.239783,0.421771,3320.72,7906.48,84.48,16.0,53.52,11.72,367.09,224.57,8.54,910.63,1576.07,0.0023,0.0,8.0,0.12,0.15148,0.282935,5.0,13.94,4.17,4.77,10.2,1.9,4.2,43.0,177,standalone_RUE,0.421771,1.0,0.007881,0.021089,0.00747,0.5,1.0,True,0.3034,2.0,0.0,0.0,0.0259,2.3088,mature,1.0,True,False,0.0,23.6195,False,0.0,False,0.0,True,52.675,False,292.0
2025-10-20,10.6,0.0,2090.8,1975.9,0.228834,0.399771,3320.72,7906.48,84.48,16.0,50.71,11.11,367.09,224.57,8.54,910.63,1572.64,0.0022,0.0,8.0,0.12,0.15078,0.282655,5.0,13.21,4.06,4.64,10.2,1.9,4.2,43.0,178,standalone_RUE,0.399771,1.0,0.007884,0.019989,0.00747,0.5,1.0,True,0.3,2.0,0.0,0.0,0.0,2.0689,mature,1.0,True,False,0.0,23.6195,False,0.0,False,0.0,True,52.675,False,293.0
2025-10-21,10.9,0.0,2090.8,1975.9,0.218246,0.378793,3320.72,7906.48,84.48,16.0,48.04,10.52,367.09,224.57,8.54,910.63,1569.38,0.002,0.0,8.0,0.12,0.150118,0.28239,5.0,12.51,3.95,4.52,10.2,1.9,4.2,43.0,179,standalone_RUE,0.378793,1.0,0.007886,0.01894,0.00747,0.5,1.0,True,0.3,2.0,0.0,0.0,0.0,1.9732,mature,1.0,True,False,0.0,23.6195,False,0.0,False,0.0,True,52.675,False,294.0
2025-10-22,10.6,0.0,2090.8,1975.9,0.208033,0.358823,3320.72,7906.48,84.48,16.0,45.47,9.96,367.09,224.57,8.54,910.63,1566.26,0.0018,0.0,8.0,0.12,0.14949,0.282138,5.0,11.84,3.85,4.4,10.2,1.9,4.2,43.0,180,standalone_RUE,0.358823,1.0,0.007892,0.017941,0.00747,0.5,1.0,True,0.3,2.0,0.0,0.0,0.0,1.9284,mature,1.0,True,False,0.0,23.6195,False,0.0,False,0.0,True,52.675,False,295.0
2025-10-23,10.05,0.0,2090.8,1975.9,0.198101,0.33965,3320.72,7906.48,84.48,16.0,43.08,9.44,367.09,224.57,8.54,910.63,1563.34,0.0017,0.0,8.0,0.12,0.148895,0.281901,5.0,11.22,3.74,4.28,10.2,1.9,4.2,43.0,181,standalone_RUE,0.33965,1.0,0.007885,0.016982,0.00747,0.5,1.0,True,0.3,2.0,0.0,0.0,0.0,1.7943,mature,1.0,True,False,0.0,23.6195,False,0.0,False,0.0,True,52.675,False,296.0
2025-10-24,9.7,0.0,2090.8,1975.9,0.188728,0.321772,3320.72,7906.48,84.48,16.0,40.8,8.94,367.09,224.57,8.54,910.63,1560.57,0.0015,0.0,8.0,0.12,0.148332,0.281675,5.0,10.63,3.64,4.17,10.2,1.9,4.2,43.0,182,standalone_RUE,0.321772,1.0,0.007886,0.016089,0.00747,0.5,1.0,True,0.3,2.0,0.0,0.0,0.0,1.6571,mature,1.0,True,False,0.0,23.6195,False,0.0,False,0.0,True,52.675,False,297.0
2025-10-25,9.0,0.0,2090.8,1975.9,0.179734,0.30481,3320.72,7906.48,84.48,16.0,38.64,8.46,367.09,224.57,8.54,910.63,1557.93,0.0014,0.0,8.0,0.12,0.147799,0.281462,5.0,10.06,3.55,4.05,10.2,1.9,4.2,43.0,183,standalone_RUE,0.30481,1.0,0.007889,0.01524,0.00747,0.5,1.0,True,0.3,2.0,0.0,0.0,0.0,1.452,mature,1.0,True,False,0.0,23.6195,False,0.0,False,0.0,True,52.675,False,298.0
