date,irradiation,tmax,tmin,t_range,tavg,rh_avg,tdew,wind,rain,aqi,daylight_sec,sunshine_sec
2025/4/16,19.17,28.3,11.4,16.9,20.7,0.262,0.6,2,0,500,47993.97,35100
2025/4/17,22.04,24.6,15.4,9.2,19.9,0.126,-9.8,2,0,500,48144.38,35100
2025/4/18,19.61,20.3,13.6,6.7,17.4,0.355,2,2,0,500,48294.25,34861.93
2025/4/19,14.57,20.9,15.1,5.8,18,0.31,0.6,2,0,500,48444.02,34352.11
2025/4/20,19.58,22.9,14.9,8,18.5,0.256,-1.6,5,0,500,48593.59,35100
2025/4/21,18.45,19.1,12.2,6.9,15.3,0.288,-2.7,2,0,500,48742.86,34208.79
2025/4/22,21.54,22.9,11.2,11.7,16.9,0.283,-1.6,3.5,0,500,48891.71,33878.61
2025/4/23,21.7,24.4,12.3,12.1,18.5,0.321,1.5,2,0,500,49040.04,35174.93
2025/4/24,16.51,21.2,13.3,7.9,16.4,0.409,3.1,2,0,172,49187.73,35073.84
2025/4/25,21.95,23.1,9.4,13.7,16.4,0.422,3.5,2,0,71,49334.66,35130.09
2025/4/26,21.92,25.6,7.6,18,17.4,0.393,3.4,2,0,334,49480.72,35107.72
2025/4/27,21.52,26.5,13.3,13.2,19,0.378,4.3,2,0,364,49625.78,35322.79
2025/4/28,22.26,29.6,11.9,17.7,20.6,0.315,3.1,2,0,494,49769.73,35176.8
2025/4/29,22.45,32.9,12.9,20,22.6,0.319,5,2,0,179,49912.43,35279.34
2025/4/30,22.63,34.6,13.4,21.2,24.3,0.29,5.1,2,0,131,50053.77,35277.24
2025/5/1,23.11,35.9,13.1,22.8,25,0.278,5.1,2,0,110,50193.59,35706.63
2025/5/2,22.87,35.7,15.8,19.9,26.4,0.228,3.5,2,0,258,50331.78,35454.85
2025/5/3,18.17,26.9,20.7,6.2,24.1,0.275,4.2,2,0,500,50468.2,35611.85
2025/5/4,22.52,26.8,17.4,9.4,22.1,0.263,1.9,2,0,500,50602.7,35806.49
2025/5/5,23.06,31.7,19.1,12.6,24.7,0.25,3.4,2,0,500,50735.14,35761.4
2025/5/6,23.11,29.1,16.3,12.8,23.5,0.235,1.5,2,0,493,50865.38,35959.23
2025/5/7,23.4,31.5,12.3,19.2,22.5,0.308,4.4,2,0,354,50993.29,36401.35
2025/5/8,23.41,27.5,17.9,9.6,22.9,0.212,-0.5,2,0,500,51119.69,36117.21
2025/5/9,23.14,30,15.5,14.5,22.6,0.196,-1.8,2,0,500,51244.99,36319.39
2025/5/10,20.53,29,17.9,11.1,23.1,0.236,1.2,2,0,500,51369.08,35791.11
2025/5/11,22.42,32.6,15.4,17.2,24.3,0.265,3.8,2,0,500,51491.85,36728.57
2025/5/12,20.13,27.6,19.4,8.2,23.8,0.275,3.9,6.5,0,500,51613.17,35929.59
2025/5/13,22.58,29.6,12.3,17.3,22,0.341,5.5,2,0,135,51732.95,37144.26
2025/5/14,23.5,31,16.4,14.6,23.8,0.338,6.9,2,0,112,51851.04,37600.82
2025/5/15,23.75,33.7,15.3,18.4,24.5,0.354,8.2,2,0,153,51967.32,37320.07
2025/5/16,23.97,34.9,15.3,19.6,25.2,0.34,8.2,2,0,140,52081.69,37533.27
2025/5/17,24,35.6,16.5,19.1,26.3,0.348,9.5,2,0,147,52194,37748.41
2025/5/18,23.91,37,17.7,19.3,27.5,0.295,8.1,2,0,500,52304.13,37965.21
2025/5/19,21.82,33.3,19.5,13.8,26.9,0.241,4.7,2,0,500,52411.95,37437.63
2025/5/20,24.73,28.8,17.8,11,23.9,0.16,-3.5,2,0,500,52517.32,38653.61
2025/5/21,24.4,29.3,15.5,13.8,22.1,0.356,6.2,2,0,500,52620.1,38626.58
2025/5/22,24.46,32,17.1,14.9,24.5,0.285,5,2,0,500,52720.17,38715.73
2025/5/23,24.37,33.6,17.5,16.1,26.2,0.24,4,2,0,181,52817.38,38825.81
2025/5/24,21.42,32.9,18.1,14.8,25,0.259,4.1,2,0,327,52911.6,38519.25
2025/5/25,24.79,34.5,18.3,16.2,26.7,0.274,6.4,2,0,136,53002.68,39049.17
2025/5/26,24.76,35.1,17.1,18,27.2,0.267,6.4,2,0,500,53090.48,39328.49
2025/5/27,23.78,34.4,18.8,15.6,27.1,0.289,7.5,2,0,116,53174.86,39009.47
2025/5/28,12.99,25.9,20.1,5.8,22.9,0.268,2.8,2,0,225,53256.41,29456.08
2025/5/29,23.35,26.8,18.8,8,22,0.448,9.5,2,0,184,53335.41,36610.66
2025/5/30,24.55,29.8,17.7,12.1,23.5,0.376,8.2,2,0,500,53411.77,39622.82
2025/5/31,23.74,31,18.8,12.2,24.9,0.322,7.2,2,0,225,53485.43,38958.23
2025/6/1,24.07,31.5,18.4,13.1,25.2,0.272,5,2,0,176,53556.3,39638.53
2025/6/2,22.85,30.4,18.9,11.5,24.2,0.298,5.4,2,0,159,53624.3,39133
2025/6/3,24.49,32.5,19.2,13.3,25.1,0.275,5.1,2,0,147,53689.36,38783.83
2025/6/4,25.38,32.7,15.5,17.2,24.8,0.225,2,2,0,187,53751.38,39873.28
2025/6/5,24.32,33.3,17.3,16,25.1,0.315,7,2,0,188,53810.3,36595.19
2025/6/6,25.65,34.7,16.1,18.6,25.7,0.349,9.1,2,0,127,53866.04,39957.57
2025/6/7,25.55,36.3,16.3,20,27.3,0.296,8,2,0,107,53918.51,39996.08
2025/6/8,25.73,36.4,16,20.4,26.8,0.343,9.8,2,0,153,53967.65,40032.1
2025/6/9,25.44,36.8,20.1,16.7,29.1,0.266,8,2,0,158,54013.36,40065.56
2025/6/10,25.52,38.2,18.7,19.5,28.2,0.35,11.3,2,0,130,54055.59,40096.4
2025/6/11,25.38,38.3,21.7,16.6,29.6,0.342,12.2,2,0,137,54094.24,40109.99
2025/6/12,20.89,31.6,25.6,6,28.9,0.282,8.7,5,0,500,54129.25,39223.81
2025/6/13,24.89,33.8,22.7,11.1,28.6,0.285,8.6,2,0,258,54160.54,40116.72
2025/6/14,25.66,35.5,22,13.5,28.7,0.277,8.2,2,0,171,54188.05,39699.54
2025/6/15,21.37,34.2,24.2,10,28.4,0.295,8.9,2,0,500,54211.7,40118.22
2025/6/16,23.69,32.7,20.4,12.3,25.8,0.458,13.2,2,0,151,54231.43,40117.05
2025/6/17,25.06,35.4,18.9,16.5,27.6,0.364,11.4,2,0,115,54247.32,40114.36
2025/6/18,25.48,33.3,20.7,12.6,27.7,0.33,10,2,0,500,54259.47,37409.96
2025/6/19,25.52,34.8,18.1,16.7,26.8,0.408,12.4,2,0,116,54267.89,40103.88
2025/6/20,25.46,36.3,17.4,18.9,26.8,0.429,13.1,2,0,101,54272.6,40096.21
2025/6/21,23.71,34.9,24.1,10.8,29.1,0.337,11.5,2,0,310,54273.62,40025.14
2025/6/22,19.97,32.3,24.9,7.4,28,0.363,11.7,6.5,0,149,54270.97,38373.84
2025/6/23,24.79,32,21.7,10.3,25.2,0.499,14,2,0.1,179,54264.69,37800
2025/6/24,25.25,33,16.2,16.8,24.9,0.526,14.5,2,0,111,54254.8,40043.03
2025/6/25,25.3,36,20.9,15.1,27.7,0.41,13.3,2,0,78,54241.32,40035.63
2025/6/26,21.23,35.8,25.2,10.6,29.9,0.311,11,2,0,164,54224.28,39775.53
2025/6/27,17.94,29.4,22.9,6.5,25.8,0.423,12,2,0.1,56,54203.72,31170.79
2025/6/28,24.68,34.8,15.7,19.1,25.8,0.432,12.3,2,0,64,54179.68,39983.66
2025/6/29,25.25,35.1,17.7,17.4,26.8,0.381,11.3,2,0,87,54152.19,39821.72
2025/6/30,24.6,33.6,22.2,11.4,26.8,0.417,12.7,2,0,184,54121.27,38921.19
2025/7/1,23.8,32,18.3,13.7,25.9,0.394,11,2,0,304,54086.98,39127.22
2025/7/2,24.54,33.8,17.8,16,26.2,0.38,10.8,2,0,70,54049.35,39589.73
2025/7/3,24.29,33,22.2,10.8,27.4,0.331,9.8,2,0,65,54008.42,38640.21
2025/7/4,24.81,35,20.3,14.7,27,0.401,12.3,2,0,101,53964.23,39350.9
2025/7/5,24.93,35.3,19.4,15.9,27.3,0.394,12.3,2,0,151,53916.82,39618.28
2025/7/6,22.8,34.4,21.2,13.2,28.2,0.362,11.8,2,0,161,53866.23,39370.91
2025/7/7,20.71,35.3,17.3,18,26.4,0.424,12.6,2,0,67,53812.03,35994.13
2025/7/8,22.06,33.4,21.2,12.2,27.1,0.385,11.8,2,0,62,53754.06,39329.79
2025/7/9,17.61,32.8,21.2,11.6,25.3,0.498,14.1,2,0.1,62,53692.45,38634.4
2025/7/10,19.52,27.1,18.1,9,21.9,0.646,14.9,2,0.1,61,53627.3,16209.49
2025/7/11,23.47,31.1,18.7,12.4,24,0.575,15.1,2,0.1,51,53558.75,35704.5
2025/7/12,16.74,25.5,18.5,7,21.6,0.608,13.7,2,3.7,60,53486.91,32838.59
2025/7/13,24.54,31.4,14.9,16.5,23.2,0.578,14.4,2,0,57,53411.9,38942.14
2025/7/14,24.38,33.3,17.7,15.6,26,0.508,15,2,0,68,53333.83,38692.64
2025/7/15,22.19,33.2,19.7,13.5,25.9,0.567,16.6,2,0,84,53252.84,38312.75
2025/7/16,19.65,31.1,20.9,10.2,26,0.544,16.1,2,0,71,53169.02,35409.57
2025/7/17,20.34,32.6,24.8,7.8,27.6,0.476,15.5,2,0,116,53082.51,22245.45
2025/7/18,23.62,36.3,20.1,16.2,28.3,0.485,16.4,2,0,109,52993.41,38388.91
2025/7/19,23.76,37.5,20.1,17.4,28.7,0.45,15.6,2,0,123,52901.86,38373.81
2025/7/20,26.1,38,21.8,16.2,29.6,0.423,15.4,2,0,93,52807.93,35826.75
2025/7/21,17.15,32.8,24.5,8.3,27.5,0.465,15,2,0,74,52711.78,36168.27
2025/7/22,23.86,37.4,21.4,16,28.5,0.444,15.2,2,0,74,52613.49,38071.09
2025/7/23,26.07,37.3,18.1,19.2,27.8,0.487,16,2,0,94,52513.18,38051.99
2025/7/24,21.06,34,20.5,13.5,27.3,0.488,15.6,2,0,500,52410.95,35875.63
2025/7/25,17.24,31.9,19.9,12,26.1,0.515,15.3,2,0,85,52306.92,30463.32
2025/7/26,15.8,29.5,22.8,6.7,26.1,0.52,15.5,2,0,92,52201.18,33441.04
2025/7/27,20.54,31.5,24.4,7.1,27,0.486,15.3,2,0,86,52092.95,36836.25
2025/7/28,20.89,32.6,22.3,10.3,26.4,0.537,16.3,2,0,87,51981.93,34466.7
2025/7/29,23.3,35.4,17.5,17.9,26.7,0.555,17.1,2,0,118,51868.25,37596.63
2025/7/30,21.03,30.8,19.9,10.9,23.9,0.559,14.6,5,0,384,51752.07,35266.02
2025/7/31,22.4,30,18.3,11.7,24,0.608,16,2,0,46,51633.54,29813.38
2025/8/1,23.55,34.1,19.3,14.8,26.2,0.532,15.9,2,0,63,51512.78,36521.62
2025/8/2,20.38,31.8,19.1,12.7,25.1,0.521,14.6,2,0,500,51389.95,36433.54
2025/8/3,22.44,30,16,14,22.8,0.64,15.6,2,3.5,77,51265.18,36561.17
2025/8/4,22.68,30.6,16.9,13.7,24.2,0.539,14.3,2,4.8,70,51138.61,35632.67
2025/8/5,15.81,25.7,19.6,6.1,22.3,0.611,14.4,2,0,500,51010.36,25606.81
2025/8/6,22.35,29.8,16.9,12.9,23.3,0.576,14.5,2,0,80,50880.58,35419.15
2025/8/7,22.39,32.2,16.8,15.4,25,0.531,14.8,2,0,94,50749.38,36246.3
2025/8/8,22.23,31.9,17.2,14.7,25,0.504,14,2,0,92,50616.9,35949.04
2025/8/9,22.74,34.3,18.9,15.4,26.2,0.51,15.3,2,0,89,50483.25,35973.59
2025/8/10,22.64,35.4,18.4,17,26.6,0.498,15.3,2,0,99,50348.55,35759.47
2025/8/11,22.58,37.2,19.7,17.5,27.7,0.47,15.4,2,0,94,50212.93,35785.3
2025/8/12,20.93,35.2,20.8,14.4,27.6,0.446,14.5,3.5,0,149,50076.49,35573.4
2025/8/13,19.37,35,22.1,12.9,28.2,0.425,14.3,2,0,136,49939.36,35600.41
2025/8/14,14.62,36.3,23.1,13.2,29.4,0.451,16.3,2,0,124,49787.5,35153.37
2025/8/15,8.59,30.3,20.2,10.1,25.9,0.413,11.8,2,0,500,49649.59,25704.84
2025/8/16,16.64,30.9,16.8,14.1,22.7,0.606,14.7,2,0,500,49510.31,34676.53
2025/8/17,16.09,31.7,18.1,13.6,24.4,0.532,14.3,2,0,195,49369.28,33469
2025/8/18,12.36,22.9,18,4.9,19.7,0.741,15,2,2.3,500,49226.61,17051.99
2025/8/19,23.23,28.5,16.5,12,21.6,0.693,15.7,2,0,78,49100.9,35302.42
2025/8/20,17.66,29.9,15.8,14.1,22.5,0.583,13.9,2,0,117,48954.84,35100
2025/8/21,18.82,29.1,15.9,13.2,22.2,0.615,14.4,2,4,110,48807.53,35131.65
2025/8/22,18.24,29.5,16.2,13.3,22.9,0.539,13.1,2,0,388,48659.07,35100
2025/8/23,18.97,30,16.2,13.8,22.7,0.536,12.8,2,0,186,48509.6,35100
2025/8/24,8.83,25.6,19.1,6.5,21.9,0.579,13.2,2,0,448,48359.21,11923.18
2025/8/25,15.4,28.3,17.4,10.9,21.8,0.635,14.6,2,2,70,48208.02,35100
2025/8/26,17.93,30.1,14.5,15.6,22.1,0.605,14.1,2,0,87,48056.15,35080.27
2025/8/27,18.31,32.7,15.3,17.4,23.6,0.564,14.4,2,0,98,47903.7,35038
2025/8/28,18.93,33,17,16,24.3,0.523,13.9,2,0,129,47750.79,35029.26
2025/8/29,18.96,35.7,16.8,18.9,25.6,0.463,13.2,2,0,121,47597.51,34949.46
2025/8/30,19.04,35.9,18.1,17.8,25.3,0.515,14.6,2,0,106,47443.96,34905.94
2025/8/31,19.13,35.5,16.8,18.7,25.6,0.404,11.2,2,0,333,47290.26,34862.45
2025/9/1,19.23,29.5,15.2,14.3,23.2,0.306,4.9,2,0,500,47136.49,34819.03
2025/9/2,18.36,27.5,17.6,9.9,22.5,0.399,8.2,2,0,500,46982.77,34775.66
2025/9/3,18.89,30.6,15.9,14.7,22.8,0.418,9.1,2,0,500,46829.18,34699.15
2025/9/4,18.45,26.9,16.8,10.1,22.2,0.356,6.3,8,0,500,46675.8,34584.59
2025/9/5,18.41,28.2,14.9,13.3,21,0.436,8.1,2,0,500,46521.75,34469.3
2025/9/6,16.41,30.6,15.4,15.2,21.7,0.476,10.1,2,0,500,46366.61,34353.19
2025/9/7,18.12,30.3,15.9,14.4,22.7,0.516,12.2,2,0,432,46210.48,34188.33
2025/9/8,17.97,30.9,15.7,15.2,22.5,0.521,12.2,2,0,500,46053.47,34118.85
2025/9/9,17.77,32.3,15.4,16.9,23.2,0.5,12.2,2,0,216,45895.68,33849.92
2025/9/10,17.65,31.7,14.7,17,23.7,0.359,7.7,2,0,147,45737.22,33749.33
2025/9/11,17.59,30.4,15.7,14.7,22.9,0.416,9.2,2,0,190,45578.18,33577.79
2025/9/12,17.46,31,14.5,16.5,22.7,0.432,9.5,2,0,180,45418.67,33179.89
2025/9/13,17.33,31.5,13.8,17.7,22.4,0.467,10.4,2,0,160,45258.78,32782.92
2025/9/14,17.2,32.9,14.1,18.8,23.3,0.445,10.5,5,0,146,45098.61,32386.78
2025/9/15,16.86,28.5,14.7,13.8,22.2,0.353,6.1,3.5,0,500,44938.26,32218.25
2025/9/16,13.33,25.2,14.5,10.7,20.1,0.396,5.9,3.5,0,500,44777.82,31823.36
2025/9/17,13.89,25,15.9,9.1,19.6,0.4,5.6,2,0,246,44617.39,28770.99
2025/9/18,15.27,25.9,10.8,15.1,17.5,0.498,6.9,2,0,155,44457.05,25731.71
2025/9/19,13.19,26.3,16.2,10.1,20.2,0.452,8,2,0.2,160,44296.92,31321.25
2025/9/20,15.49,26.5,13.7,12.8,19.1,0.503,8.5,2,0,117,44137.07,31154.2
2025/9/21,16.2,27,11,16,18.7,0.5,8.1,3.5,0,111,43977.61,30987.31
2025/9/22,16.1,27,11.4,15.6,19.5,0.442,7,2,0,141,43818.61,30820.35
2025/9/23,15.14,27.3,11,16.3,19.3,0.399,5.3,2,0,156,43660.19,30426.58
2025/9/24,14.16,22.9,14.9,8,19.1,0.381,4.5,5,0,163,43502.41,30259.31
2025/9/25,15.88,21.8,6.5,15.3,14.7,0.385,0.7,2,0,355,43344.36,30374.48
2025/9/26,14.58,21.4,8.9,12.5,15.3,0.459,3.7,2,0,92,43185.59,30379.36
2025/9/27,14.44,25.9,10.2,15.7,17.9,0.37,3,2,0,103,43026.21,30213.07
2025/9/28,15.42,28,8.2,19.8,17.2,0.477,6,2,0,130,42866.32,29989
2025/9/29,13.63,27.9,8.5,19.4,17.3,0.482,6.2,2,0,125,42706.01,30107.61
2025/9/30,15.22,28.9,8.5,20.4,17.8,0.462,6.1,2,0,103,42545.41,30035.26
2025/10/1,15.25,29.2,7.7,21.5,17.4,0.44,5,3.5,0,126,42384.6,29831.02
2025/10/2,14.63,28.4,9.2,19.2,18.1,0.381,3.6,2,0,165,42223.69,29854.36
2025/10/3,14.64,21.6,10.2,11.4,16,0.382,1.8,5,0,419,42062.77,29719.58
2025/10/4,14.53,23.4,8.1,15.3,15.5,0.404,2.1,3.5,0,305,41901.97,29958.6
2025/10/5,14.29,22.7,6.7,16,14.3,0.412,1.3,2,0,495,41741.38,29700
2025/10/6,14.15,22.7,6.9,15.8,14.5,0.438,2.3,2,0,303,41581.1,29720.51
2025/10/7,14.07,22.4,7.6,14.8,14.7,0.379,0.5,2,0,153,41421.23,29744.31
2025/10/8,11.26,22,9.8,12.2,15.1,0.433,2.7,3.5,0,156,41261.89,29296.61
2025/10/9,13.2,21.8,11.7,10.1,15.8,0.472,4.6,2,0,105,41103.2,29769.73
2025/10/10,8.91,21.8,9.6,12.2,13.8,0.47,2.7,2,0,103,40945.24,29606
2025/10/11,13.72,22.7,4.6,18.1,13,0.541,3.9,2,0,96,40788.13,29535.44
2025/10/12,13.84,24.2,4.5,19.7,13.4,0.52,3.7,2,0,117,40632,29465.82
2025/10/13,13.67,25.3,4.2,21.1,13.4,0.498,3.1,3.5,0,121,40476.94,29397.24
2025/10/14,13.63,23.6,2.5,21.1,13.5,0.406,0.4,3.5,0,82,40323.05,29329.63
2025/10/15,13.5,22.2,4,18.2,13,0.435,0.9,3.5,0,114,40169.34,29270.51
2025/10/16,13.19,15,4.9,10.1,9.7,0.486,-0.6,5,0,500,40015.29,29228.06
2025/10/17,13.15,16.7,1.4,15.3,8.3,0.492,-1.7,2,0,421,39861.05,29185.93
2025/10/18,12.93,18.7,1.3,17.4,8.9,0.508,-0.8,2,0,293,39706.72,29061.09
2025/10/19,12.14,18.4,2.8,15.6,9.5,0.463,-1.5,2,0,208,39552.43,28994.65
2025/10/20,12.55,17.8,1.3,16.5,8.6,0.511,-0.9,2,0,147,39398.31,28634.5
2025/10/21,12.36,18.5,1.2,17.3,8.9,0.506,-0.8,2,0,147,39244.48,28435.54
2025/10/22,9.9,19.9,2.4,17.5,9.6,0.506,-0.2,2,0,167,39091.07,28472.65
2025/10/23,12.04,20.5,1.6,18.9,9.9,0.506,0.1,2,0,154,38938.21,28271.91
2025/10/24,11.89,20.3,1.2,19.1,9.7,0.495,-0.4,2,0,135,38786.04,28062.61
2025/10/25,11.8,19,1.4,17.6,9.6,0.458,-1.5,2,0,150,38634.68,28046.5
2025/10/26,11.08,20.2,1,19.2,9.3,0.494,-0.8,2,0,159,38484.29,27790.72
2025/10/27,11.08,21.1,0.7,20.4,9.2,0.513,-0.3,3.5,0,138,38334.98,27533.27
2025/10/28,11.36,21.4,-0.2,21.6,9.1,0.501,-0.8,2,0,158,38186.93,27514.38
2025/10/29,11.1,19.3,0.8,18.5,9.1,0.495,-0.9,2,0,155,38040.25,27254.13
2025/10/30,10.76,18.7,0.7,18,8.4,0.498,-1.5,2,0,149,37895.11,26340.53
2025/10/31,9.9,17.8,0.2,17.6,7.6,0.538,-1.2,2,0,139,37751.66,26970.15
